iname,label
412c3dec-8fea-11e7-b164-1cc1de329608,OFFICE
412c3ded-8fea-11e7-b164-1cc1de329608,OFFICE
412c3dee-8fea-11e7-b164-1cc1de329608,OFFICE
412c3def-8fea-11e7-b164-1cc1de329608,OFFICE
412c3df0-8fea-11e7-b164-1cc1de329608,OFFICE
412c3df1-8fea-11e7-b164-1cc1de329608,OFFICE
412c3df2-8fea-11e7-b164-1cc1de329608,OFFICE
412c3df3-8fea-11e7-b164-1cc1de329608,OFFICE
412c3df4-8fea-11e7-b164-1cc1de329608,OFFICE
412c3df5-8fea-11e7-b164-1cc1de329608,OFFICE
412c3df6-8fea-11e7-b164-1cc1de329608,OFFICE
412c3df7-8fea-11e7-b164-1cc1de329608,OFFICE
412c3df8-8fea-11e7-b164-1cc1de329608,OFFICE
412c3df9-8fea-11e7-b164-1cc1de329608,OFFICE
412c3dfa-8fea-11e7-b164-1cc1de329608,OFFICE
412c3dfb-8fea-11e7-b164-1cc1de329608,OFFICE
412c3dfc-8fea-11e7-b164-1cc1de329608,OFFICE
412c3dfd-8fea-11e7-b164-1cc1de329608,OFFICE
412c3dfe-8fea-11e7-b164-1cc1de329608,OFFICE
412c3dff-8fea-11e7-b164-1cc1de329608,OFFICE
413206aa-8fea-11e7-b164-1cc1de329608,OFFICE
413206ab-8fea-11e7-b164-1cc1de329608,OFFICE
413206ac-8fea-11e7-b164-1cc1de329608,OFFICE
413206ad-8fea-11e7-b164-1cc1de329608,OFFICE
413206ae-8fea-11e7-b164-1cc1de329608,OFFICE
413206af-8fea-11e7-b164-1cc1de329608,OFFICE
413206b0-8fea-11e7-b164-1cc1de329608,OFFICE
413206b1-8fea-11e7-b164-1cc1de329608,OFFICE
413206b2-8fea-11e7-b164-1cc1de329608,OFFICE
413206b3-8fea-11e7-b164-1cc1de329608,OFFICE
413206b4-8fea-11e7-b164-1cc1de329608,OFFICE
413206b5-8fea-11e7-b164-1cc1de329608,OFFICE
413206b6-8fea-11e7-b164-1cc1de329608,OFFICE
413206b7-8fea-11e7-b164-1cc1de329608,OFFICE
413206b8-8fea-11e7-b164-1cc1de329608,OFFICE
413206b9-8fea-11e7-b164-1cc1de329608,OFFICE
413206ba-8fea-11e7-b164-1cc1de329608,OFFICE
413206bb-8fea-11e7-b164-1cc1de329608,OFFICE
413206bc-8fea-11e7-b164-1cc1de329608,OFFICE
413206bd-8fea-11e7-b164-1cc1de329608,OFFICE
413206be-8fea-11e7-b164-1cc1de329608,OFFICE
413206bf-8fea-11e7-b164-1cc1de329608,OFFICE
413206c0-8fea-11e7-b164-1cc1de329608,OFFICE
413206c1-8fea-11e7-b164-1cc1de329608,OFFICE
413206c2-8fea-11e7-b164-1cc1de329608,OFFICE
413206c3-8fea-11e7-b164-1cc1de329608,OFFICE
413206c4-8fea-11e7-b164-1cc1de329608,OFFICE
413206c5-8fea-11e7-b164-1cc1de329608,OFFICE
413206c6-8fea-11e7-b164-1cc1de329608,OFFICE
413206c7-8fea-11e7-b164-1cc1de329608,OFFICE
413206c8-8fea-11e7-b164-1cc1de329608,OFFICE
413206c9-8fea-11e7-b164-1cc1de329608,OFFICE
413206ca-8fea-11e7-b164-1cc1de329608,OFFICE
413206cb-8fea-11e7-b164-1cc1de329608,OFFICE
413206cc-8fea-11e7-b164-1cc1de329608,OFFICE
413206cd-8fea-11e7-b164-1cc1de329608,OFFICE
413206ce-8fea-11e7-b164-1cc1de329608,OFFICE
413206cf-8fea-11e7-b164-1cc1de329608,OFFICE
413206d0-8fea-11e7-b164-1cc1de329608,OFFICE
413206d1-8fea-11e7-b164-1cc1de329608,OFFICE
413206d2-8fea-11e7-b164-1cc1de329608,OFFICE
413206d3-8fea-11e7-b164-1cc1de329608,OFFICE
413206d4-8fea-11e7-b164-1cc1de329608,OFFICE
413206d5-8fea-11e7-b164-1cc1de329608,OFFICE
413206d6-8fea-11e7-b164-1cc1de329608,OFFICE
413206d7-8fea-11e7-b164-1cc1de329608,OFFICE
413206d8-8fea-11e7-b164-1cc1de329608,OFFICE
413206d9-8fea-11e7-b164-1cc1de329608,OFFICE
413206da-8fea-11e7-b164-1cc1de329608,OFFICE
413206db-8fea-11e7-b164-1cc1de329608,OFFICE
413206dc-8fea-11e7-b164-1cc1de329608,OFFICE
413206dd-8fea-11e7-b164-1cc1de329608,OFFICE
413206de-8fea-11e7-b164-1cc1de329608,OFFICE
413206df-8fea-11e7-b164-1cc1de329608,OFFICE
413206e0-8fea-11e7-b164-1cc1de329608,OFFICE
413206e1-8fea-11e7-b164-1cc1de329608,OFFICE
413206e2-8fea-11e7-b164-1cc1de329608,OFFICE
413206e3-8fea-11e7-b164-1cc1de329608,OFFICE
413206e4-8fea-11e7-b164-1cc1de329608,OFFICE
413206e5-8fea-11e7-b164-1cc1de329608,OFFICE
413206e6-8fea-11e7-b164-1cc1de329608,OFFICE
413206e7-8fea-11e7-b164-1cc1de329608,OFFICE
413206e8-8fea-11e7-b164-1cc1de329608,OFFICE
413206e9-8fea-11e7-b164-1cc1de329608,OFFICE
413206ea-8fea-11e7-b164-1cc1de329608,OFFICE
413206eb-8fea-11e7-b164-1cc1de329608,OFFICE
413206ec-8fea-11e7-b164-1cc1de329608,OFFICE
413206ed-8fea-11e7-b164-1cc1de329608,OFFICE
413206ee-8fea-11e7-b164-1cc1de329608,OFFICE
413206ef-8fea-11e7-b164-1cc1de329608,OFFICE
413206f0-8fea-11e7-b164-1cc1de329608,OFFICE
413206f1-8fea-11e7-b164-1cc1de329608,OFFICE
413206f2-8fea-11e7-b164-1cc1de329608,OFFICE
413206f3-8fea-11e7-b164-1cc1de329608,OFFICE
413206f4-8fea-11e7-b164-1cc1de329608,OFFICE
413206f5-8fea-11e7-b164-1cc1de329608,OFFICE
413206f6-8fea-11e7-b164-1cc1de329608,OFFICE
413206f7-8fea-11e7-b164-1cc1de329608,OFFICE
413206f8-8fea-11e7-b164-1cc1de329608,OFFICE
413206f9-8fea-11e7-b164-1cc1de329608,OFFICE
413206fa-8fea-11e7-b164-1cc1de329608,OFFICE
413206fb-8fea-11e7-b164-1cc1de329608,OFFICE
413206fc-8fea-11e7-b164-1cc1de329608,OFFICE
413206fd-8fea-11e7-b164-1cc1de329608,OFFICE
413206fe-8fea-11e7-b164-1cc1de329608,OFFICE
413206ff-8fea-11e7-b164-1cc1de329608,OFFICE
41320700-8fea-11e7-b164-1cc1de329608,OFFICE
41320701-8fea-11e7-b164-1cc1de329608,OFFICE
41320702-8fea-11e7-b164-1cc1de329608,OFFICE
41320703-8fea-11e7-b164-1cc1de329608,OFFICE
41320704-8fea-11e7-b164-1cc1de329608,OFFICE
41320705-8fea-11e7-b164-1cc1de329608,OFFICE
41320706-8fea-11e7-b164-1cc1de329608,OFFICE
41320707-8fea-11e7-b164-1cc1de329608,OFFICE
41320708-8fea-11e7-b164-1cc1de329608,OFFICE
41320709-8fea-11e7-b164-1cc1de329608,OFFICE
4132070a-8fea-11e7-b164-1cc1de329608,OFFICE
4132070b-8fea-11e7-b164-1cc1de329608,OFFICE
4132070c-8fea-11e7-b164-1cc1de329608,OFFICE
4132070d-8fea-11e7-b164-1cc1de329608,OFFICE
4132070e-8fea-11e7-b164-1cc1de329608,OFFICE
4132070f-8fea-11e7-b164-1cc1de329608,OFFICE
41320710-8fea-11e7-b164-1cc1de329608,OFFICE
41320711-8fea-11e7-b164-1cc1de329608,OFFICE
41320712-8fea-11e7-b164-1cc1de329608,OFFICE
41320713-8fea-11e7-b164-1cc1de329608,OFFICE
41320714-8fea-11e7-b164-1cc1de329608,OFFICE
41320715-8fea-11e7-b164-1cc1de329608,OFFICE
41320716-8fea-11e7-b164-1cc1de329608,OFFICE
41320717-8fea-11e7-b164-1cc1de329608,OFFICE
41320718-8fea-11e7-b164-1cc1de329608,OFFICE
41320719-8fea-11e7-b164-1cc1de329608,OFFICE
4132071a-8fea-11e7-b164-1cc1de329608,OFFICE
4132071b-8fea-11e7-b164-1cc1de329608,OFFICE
4132071c-8fea-11e7-b164-1cc1de329608,OFFICE
4132071d-8fea-11e7-b164-1cc1de329608,OFFICE
4132071e-8fea-11e7-b164-1cc1de329608,OFFICE
4132071f-8fea-11e7-b164-1cc1de329608,OFFICE
41320720-8fea-11e7-b164-1cc1de329608,OFFICE
41320721-8fea-11e7-b164-1cc1de329608,OFFICE
41320722-8fea-11e7-b164-1cc1de329608,OFFICE
41320723-8fea-11e7-b164-1cc1de329608,OFFICE
41320724-8fea-11e7-b164-1cc1de329608,OFFICE
41320725-8fea-11e7-b164-1cc1de329608,OFFICE
41320726-8fea-11e7-b164-1cc1de329608,OFFICE
41320727-8fea-11e7-b164-1cc1de329608,OFFICE
41320728-8fea-11e7-b164-1cc1de329608,OFFICE
41320729-8fea-11e7-b164-1cc1de329608,OFFICE
4132072a-8fea-11e7-b164-1cc1de329608,OFFICE
4132072b-8fea-11e7-b164-1cc1de329608,OFFICE
4132072c-8fea-11e7-b164-1cc1de329608,OFFICE
4132072d-8fea-11e7-b164-1cc1de329608,OFFICE
4132072e-8fea-11e7-b164-1cc1de329608,OFFICE
4132072f-8fea-11e7-b164-1cc1de329608,OFFICE
41320730-8fea-11e7-b164-1cc1de329608,OFFICE
41320731-8fea-11e7-b164-1cc1de329608,OFFICE
41320732-8fea-11e7-b164-1cc1de329608,OFFICE
41320733-8fea-11e7-b164-1cc1de329608,OFFICE
41320734-8fea-11e7-b164-1cc1de329608,OFFICE
41320735-8fea-11e7-b164-1cc1de329608,OFFICE
41320736-8fea-11e7-b164-1cc1de329608,OFFICE
41320737-8fea-11e7-b164-1cc1de329608,OFFICE
41320738-8fea-11e7-b164-1cc1de329608,OFFICE
41320739-8fea-11e7-b164-1cc1de329608,OFFICE
4132073a-8fea-11e7-b164-1cc1de329608,OFFICE
4132073b-8fea-11e7-b164-1cc1de329608,OFFICE
4132073c-8fea-11e7-b164-1cc1de329608,OFFICE
4132073d-8fea-11e7-b164-1cc1de329608,OFFICE
4132073e-8fea-11e7-b164-1cc1de329608,OFFICE
4132073f-8fea-11e7-b164-1cc1de329608,OFFICE
41320740-8fea-11e7-b164-1cc1de329608,OFFICE
41320741-8fea-11e7-b164-1cc1de329608,OFFICE
41320742-8fea-11e7-b164-1cc1de329608,OFFICE
41320743-8fea-11e7-b164-1cc1de329608,OFFICE
41320744-8fea-11e7-b164-1cc1de329608,OFFICE
41320745-8fea-11e7-b164-1cc1de329608,OFFICE
41320746-8fea-11e7-b164-1cc1de329608,OFFICE
41320747-8fea-11e7-b164-1cc1de329608,OFFICE
41320748-8fea-11e7-b164-1cc1de329608,OFFICE
41320749-8fea-11e7-b164-1cc1de329608,OFFICE
4132074a-8fea-11e7-b164-1cc1de329608,OFFICE
4132074b-8fea-11e7-b164-1cc1de329608,OFFICE
4132074c-8fea-11e7-b164-1cc1de329608,OFFICE
4132074d-8fea-11e7-b164-1cc1de329608,OFFICE
4132074e-8fea-11e7-b164-1cc1de329608,OFFICE
4132074f-8fea-11e7-b164-1cc1de329608,OFFICE
41320750-8fea-11e7-b164-1cc1de329608,OFFICE
41320751-8fea-11e7-b164-1cc1de329608,OFFICE
41320752-8fea-11e7-b164-1cc1de329608,OFFICE
41320753-8fea-11e7-b164-1cc1de329608,OFFICE
41320754-8fea-11e7-b164-1cc1de329608,OFFICE
41320755-8fea-11e7-b164-1cc1de329608,OFFICE
41320756-8fea-11e7-b164-1cc1de329608,OFFICE
41320757-8fea-11e7-b164-1cc1de329608,OFFICE
41320758-8fea-11e7-b164-1cc1de329608,OFFICE
41320759-8fea-11e7-b164-1cc1de329608,OFFICE
4132075a-8fea-11e7-b164-1cc1de329608,OFFICE
4132075b-8fea-11e7-b164-1cc1de329608,OFFICE
4132075c-8fea-11e7-b164-1cc1de329608,OFFICE
4132075d-8fea-11e7-b164-1cc1de329608,OFFICE
4132075e-8fea-11e7-b164-1cc1de329608,OFFICE
4132075f-8fea-11e7-b164-1cc1de329608,OFFICE
41320760-8fea-11e7-b164-1cc1de329608,OFFICE
41320761-8fea-11e7-b164-1cc1de329608,OFFICE
41320762-8fea-11e7-b164-1cc1de329608,OFFICE
41320763-8fea-11e7-b164-1cc1de329608,OFFICE
41320764-8fea-11e7-b164-1cc1de329608,OFFICE
41320765-8fea-11e7-b164-1cc1de329608,OFFICE
41320766-8fea-11e7-b164-1cc1de329608,OFFICE
41320767-8fea-11e7-b164-1cc1de329608,OFFICE
41320768-8fea-11e7-b164-1cc1de329608,OFFICE
41320769-8fea-11e7-b164-1cc1de329608,OFFICE
4132076a-8fea-11e7-b164-1cc1de329608,OFFICE
4132076b-8fea-11e7-b164-1cc1de329608,OFFICE
4132076c-8fea-11e7-b164-1cc1de329608,OFFICE
4132076d-8fea-11e7-b164-1cc1de329608,OFFICE
