to,from,label
413c3707-8fea-11e7-b164-1cc1de329608,6b2a93df-8f78-11e7-b164-1cc1de329608,SETASIDE
413c3707-8fea-11e7-b164-1cc1de329608,6b2a94a5-8f78-11e7-b164-1cc1de329608,SETASIDE
413c3704-8fea-11e7-b164-1cc1de329608,6b2a9475-8f78-11e7-b164-1cc1de329608,SETASIDE
413c3707-8fea-11e7-b164-1cc1de329608,6a6d57d6-8f78-11e7-b164-1cc1de329608,SETASIDE
413c3707-8fea-11e7-b164-1cc1de329608,6b2a9666-8f78-11e7-b164-1cc1de329608,SETASIDE
413c3704-8fea-11e7-b164-1cc1de329608,6a6d5547-8f78-11e7-b164-1cc1de329608,SETASIDE
413c3707-8fea-11e7-b164-1cc1de329608,6b2a959e-8f78-11e7-b164-1cc1de329608,SETASIDE
413c3704-8fea-11e7-b164-1cc1de329608,6a6d5738-8f78-11e7-b164-1cc1de329608,SETASIDE
413c3707-8fea-11e7-b164-1cc1de329608,6a6d57d1-8f78-11e7-b164-1cc1de329608,SETASIDE
413c3704-8fea-11e7-b164-1cc1de329608,6b2a94f6-8f78-11e7-b164-1cc1de329608,SETASIDE
413c3707-8fea-11e7-b164-1cc1de329608,6b2a945b-8f78-11e7-b164-1cc1de329608,SETASIDE
413c3704-8fea-11e7-b164-1cc1de329608,6a6d56f9-8f78-11e7-b164-1cc1de329608,SETASIDE
413c3707-8fea-11e7-b164-1cc1de329608,6a6d5843-8f78-11e7-b164-1cc1de329608,SETASIDE
413c3707-8fea-11e7-b164-1cc1de329608,6a6d5556-8f78-11e7-b164-1cc1de329608,SETASIDE
413c3707-8fea-11e7-b164-1cc1de329608,6b2a945e-8f78-11e7-b164-1cc1de329608,SETASIDE
413c3704-8fea-11e7-b164-1cc1de329608,6b2a96dd-8f78-11e7-b164-1cc1de329608,SETASIDE
413c3704-8fea-11e7-b164-1cc1de329608,6b2a9567-8f78-11e7-b164-1cc1de329608,SETASIDE
413c3704-8fea-11e7-b164-1cc1de329608,6a6d5818-8f78-11e7-b164-1cc1de329608,SETASIDE
413c3707-8fea-11e7-b164-1cc1de329608,6b2a9494-8f78-11e7-b164-1cc1de329608,SETASIDE
413c3704-8fea-11e7-b164-1cc1de329608,6b2a94c3-8f78-11e7-b164-1cc1de329608,SETASIDE
413c3704-8fea-11e7-b164-1cc1de329608,6b2a94d6-8f78-11e7-b164-1cc1de329608,SETASIDE
413c3707-8fea-11e7-b164-1cc1de329608,6a6d5575-8f78-11e7-b164-1cc1de329608,SETASIDE
413c3704-8fea-11e7-b164-1cc1de329608,6b2a94db-8f78-11e7-b164-1cc1de329608,SETASIDE
413c3704-8fea-11e7-b164-1cc1de329608,6a6d576a-8f78-11e7-b164-1cc1de329608,SETASIDE
413c3707-8fea-11e7-b164-1cc1de329608,6b2a950d-8f78-11e7-b164-1cc1de329608,SETASIDE
413c3706-8fea-11e7-b164-1cc1de329608,6b2a9614-8f78-11e7-b164-1cc1de329608,SETASIDE
413c3704-8fea-11e7-b164-1cc1de329608,6b2a9650-8f78-11e7-b164-1cc1de329608,SETASIDE
413c3707-8fea-11e7-b164-1cc1de329608,6b2a9442-8f78-11e7-b164-1cc1de329608,SETASIDE
413c3704-8fea-11e7-b164-1cc1de329608,6a6d57c6-8f78-11e7-b164-1cc1de329608,SETASIDE
413c3704-8fea-11e7-b164-1cc1de329608,6b2a940c-8f78-11e7-b164-1cc1de329608,SETASIDE
413c3707-8fea-11e7-b164-1cc1de329608,6a6d57d9-8f78-11e7-b164-1cc1de329608,SETASIDE
413c3707-8fea-11e7-b164-1cc1de329608,6b2a96cc-8f78-11e7-b164-1cc1de329608,SETASIDE
413c3704-8fea-11e7-b164-1cc1de329608,6b2a96d6-8f78-11e7-b164-1cc1de329608,SETASIDE
413c3704-8fea-11e7-b164-1cc1de329608,6a6d5831-8f78-11e7-b164-1cc1de329608,SETASIDE
413c3707-8fea-11e7-b164-1cc1de329608,6a6d582e-8f78-11e7-b164-1cc1de329608,SETASIDE
413c3704-8fea-11e7-b164-1cc1de329608,6a6d56f2-8f78-11e7-b164-1cc1de329608,SETASIDE
413c3704-8fea-11e7-b164-1cc1de329608,6a6d5564-8f78-11e7-b164-1cc1de329608,SETASIDE
413c3707-8fea-11e7-b164-1cc1de329608,6b2a93bb-8f78-11e7-b164-1cc1de329608,SETASIDE
413c3704-8fea-11e7-b164-1cc1de329608,6a6d5714-8f78-11e7-b164-1cc1de329608,SETASIDE
413c3704-8fea-11e7-b164-1cc1de329608,6a6d5570-8f78-11e7-b164-1cc1de329608,SETASIDE
413c3704-8fea-11e7-b164-1cc1de329608,6a6d57ab-8f78-11e7-b164-1cc1de329608,SETASIDE
413c3707-8fea-11e7-b164-1cc1de329608,6a6d5839-8f78-11e7-b164-1cc1de329608,SETASIDE
413c3707-8fea-11e7-b164-1cc1de329608,6b2a93cd-8f78-11e7-b164-1cc1de329608,SETASIDE
413c3704-8fea-11e7-b164-1cc1de329608,6a6d551e-8f78-11e7-b164-1cc1de329608,SETASIDE
413c3707-8fea-11e7-b164-1cc1de329608,6b2a9584-8f78-11e7-b164-1cc1de329608,SETASIDE
413c3704-8fea-11e7-b164-1cc1de329608,6a6d57b8-8f78-11e7-b164-1cc1de329608,SETASIDE
413c3704-8fea-11e7-b164-1cc1de329608,6b2a96c8-8f78-11e7-b164-1cc1de329608,SETASIDE
413c3704-8fea-11e7-b164-1cc1de329608,6b2a9662-8f78-11e7-b164-1cc1de329608,SETASIDE
413c3704-8fea-11e7-b164-1cc1de329608,6a6d57ef-8f78-11e7-b164-1cc1de329608,SETASIDE
413c3704-8fea-11e7-b164-1cc1de329608,6b2a96c7-8f78-11e7-b164-1cc1de329608,SETASIDE
413c3704-8fea-11e7-b164-1cc1de329608,6a6d5734-8f78-11e7-b164-1cc1de329608,SETASIDE
413c36ff-8fea-11e7-b164-1cc1de329608,6b2a96b4-8f78-11e7-b164-1cc1de329608,SETASIDE
413c3707-8fea-11e7-b164-1cc1de329608,6b2a9416-8f78-11e7-b164-1cc1de329608,SETASIDE
413c3704-8fea-11e7-b164-1cc1de329608,6a6d5798-8f78-11e7-b164-1cc1de329608,SETASIDE
413c3707-8fea-11e7-b164-1cc1de329608,6b2a9548-8f78-11e7-b164-1cc1de329608,SETASIDE
413c3707-8fea-11e7-b164-1cc1de329608,6b2a9559-8f78-11e7-b164-1cc1de329608,SETASIDE
413c3704-8fea-11e7-b164-1cc1de329608,6b2a952c-8f78-11e7-b164-1cc1de329608,SETASIDE
413c3707-8fea-11e7-b164-1cc1de329608,6b2a946c-8f78-11e7-b164-1cc1de329608,SETASIDE
413c3704-8fea-11e7-b164-1cc1de329608,6a6d5730-8f78-11e7-b164-1cc1de329608,SETASIDE
413c3707-8fea-11e7-b164-1cc1de329608,6b2a9508-8f78-11e7-b164-1cc1de329608,SETASIDE
413c3707-8fea-11e7-b164-1cc1de329608,6b2a9552-8f78-11e7-b164-1cc1de329608,SETASIDE
413c3707-8fea-11e7-b164-1cc1de329608,6b2a959f-8f78-11e7-b164-1cc1de329608,SETASIDE
413c3704-8fea-11e7-b164-1cc1de329608,6b2a9474-8f78-11e7-b164-1cc1de329608,SETASIDE
413c3707-8fea-11e7-b164-1cc1de329608,6b2a948a-8f78-11e7-b164-1cc1de329608,SETASIDE
413c3707-8fea-11e7-b164-1cc1de329608,6a6d583b-8f78-11e7-b164-1cc1de329608,SETASIDE
413c3707-8fea-11e7-b164-1cc1de329608,6b2a9457-8f78-11e7-b164-1cc1de329608,SETASIDE
413c3707-8fea-11e7-b164-1cc1de329608,6b2a95f5-8f78-11e7-b164-1cc1de329608,SETASIDE
413c3704-8fea-11e7-b164-1cc1de329608,6b2a96bf-8f78-11e7-b164-1cc1de329608,SETASIDE
413c3707-8fea-11e7-b164-1cc1de329608,6a6d5837-8f78-11e7-b164-1cc1de329608,SETASIDE
413c3707-8fea-11e7-b164-1cc1de329608,6b2a96db-8f78-11e7-b164-1cc1de329608,SETASIDE
413c3704-8fea-11e7-b164-1cc1de329608,6a6d5562-8f78-11e7-b164-1cc1de329608,SETASIDE
6b2a9680-8f78-11e7-b164-1cc1de329608,413c36ff-8fea-11e7-b164-1cc1de329608,SETASIDE
6b2a963a-8f78-11e7-b164-1cc1de329608,413c36ff-8fea-11e7-b164-1cc1de329608,SETASIDE
6a6d57ba-8f78-11e7-b164-1cc1de329608,413c36ff-8fea-11e7-b164-1cc1de329608,SETASIDE
6b2a96c4-8f78-11e7-b164-1cc1de329608,413c36ff-8fea-11e7-b164-1cc1de329608,SETASIDE
6b2a95da-8f78-11e7-b164-1cc1de329608,413c36ff-8fea-11e7-b164-1cc1de329608,SETASIDE
413c3707-8fea-11e7-b164-1cc1de329608,6b2a94e1-8f78-11e7-b164-1cc1de329608,SETASIDE
413c3707-8fea-11e7-b164-1cc1de329608,6a6d585a-8f78-11e7-b164-1cc1de329608,SETASIDE
413c3704-8fea-11e7-b164-1cc1de329608,6b2a94d0-8f78-11e7-b164-1cc1de329608,SETASIDE
413c3704-8fea-11e7-b164-1cc1de329608,6b2a93e9-8f78-11e7-b164-1cc1de329608,SETASIDE
413c3707-8fea-11e7-b164-1cc1de329608,6a6d5781-8f78-11e7-b164-1cc1de329608,SETASIDE
413c3704-8fea-11e7-b164-1cc1de329608,6b2a964c-8f78-11e7-b164-1cc1de329608,SETASIDE
413c3707-8fea-11e7-b164-1cc1de329608,6b2a9514-8f78-11e7-b164-1cc1de329608,SETASIDE
413c3704-8fea-11e7-b164-1cc1de329608,6a6d5578-8f78-11e7-b164-1cc1de329608,SETASIDE
413c3704-8fea-11e7-b164-1cc1de329608,6b2a9568-8f78-11e7-b164-1cc1de329608,SETASIDE
413c3704-8fea-11e7-b164-1cc1de329608,6b2a9577-8f78-11e7-b164-1cc1de329608,SETASIDE
413c3704-8fea-11e7-b164-1cc1de329608,6a6d5832-8f78-11e7-b164-1cc1de329608,SETASIDE
413c3704-8fea-11e7-b164-1cc1de329608,6b2a96ec-8f78-11e7-b164-1cc1de329608,SETASIDE
413c3707-8fea-11e7-b164-1cc1de329608,6b2a9589-8f78-11e7-b164-1cc1de329608,SETASIDE
413c3704-8fea-11e7-b164-1cc1de329608,6b2a949f-8f78-11e7-b164-1cc1de329608,SETASIDE
413c3708-8fea-11e7-b164-1cc1de329608,6a6d56b6-8f78-11e7-b164-1cc1de329608,SETASIDE
413c3707-8fea-11e7-b164-1cc1de329608,6b2a93c6-8f78-11e7-b164-1cc1de329608,SETASIDE
413c3705-8fea-11e7-b164-1cc1de329608,6a6d5775-8f78-11e7-b164-1cc1de329608,SETASIDE
413c3704-8fea-11e7-b164-1cc1de329608,6a6d581a-8f78-11e7-b164-1cc1de329608,SETASIDE
413c3707-8fea-11e7-b164-1cc1de329608,6b2a944d-8f78-11e7-b164-1cc1de329608,SETASIDE
413c3704-8fea-11e7-b164-1cc1de329608,6b2a96d0-8f78-11e7-b164-1cc1de329608,SETASIDE
413c3704-8fea-11e7-b164-1cc1de329608,6b2a94d4-8f78-11e7-b164-1cc1de329608,SETASIDE
413c3704-8fea-11e7-b164-1cc1de329608,6b2a96d4-8f78-11e7-b164-1cc1de329608,SETASIDE
413c3704-8fea-11e7-b164-1cc1de329608,6b2a944b-8f78-11e7-b164-1cc1de329608,SETASIDE
413c3704-8fea-11e7-b164-1cc1de329608,6b2a956a-8f78-11e7-b164-1cc1de329608,SETASIDE
413c3707-8fea-11e7-b164-1cc1de329608,6b2a9540-8f78-11e7-b164-1cc1de329608,SETASIDE
413c3707-8fea-11e7-b164-1cc1de329608,6b2a93c2-8f78-11e7-b164-1cc1de329608,SETASIDE
413c3707-8fea-11e7-b164-1cc1de329608,6a6d5851-8f78-11e7-b164-1cc1de329608,SETASIDE
413c3707-8fea-11e7-b164-1cc1de329608,6b2a93e4-8f78-11e7-b164-1cc1de329608,SETASIDE
413c3707-8fea-11e7-b164-1cc1de329608,6a6d582f-8f78-11e7-b164-1cc1de329608,SETASIDE
413c3707-8fea-11e7-b164-1cc1de329608,6a6d56fa-8f78-11e7-b164-1cc1de329608,SETASIDE
413c3704-8fea-11e7-b164-1cc1de329608,6b2a94bb-8f78-11e7-b164-1cc1de329608,SETASIDE
413c3704-8fea-11e7-b164-1cc1de329608,6a6d553d-8f78-11e7-b164-1cc1de329608,SETASIDE
413c3707-8fea-11e7-b164-1cc1de329608,6b2a96f3-8f78-11e7-b164-1cc1de329608,SETASIDE
413c3707-8fea-11e7-b164-1cc1de329608,6b2a9547-8f78-11e7-b164-1cc1de329608,SETASIDE
413c3704-8fea-11e7-b164-1cc1de329608,6b2a93ec-8f78-11e7-b164-1cc1de329608,SETASIDE
413c3709-8fea-11e7-b164-1cc1de329608,6a6d58a0-8f78-11e7-b164-1cc1de329608,SETASIDE
413c3704-8fea-11e7-b164-1cc1de329608,6a6d5787-8f78-11e7-b164-1cc1de329608,SETASIDE
413c3704-8fea-11e7-b164-1cc1de329608,6b2a952a-8f78-11e7-b164-1cc1de329608,SETASIDE
413c3707-8fea-11e7-b164-1cc1de329608,6a6d56c6-8f78-11e7-b164-1cc1de329608,SETASIDE
413c3707-8fea-11e7-b164-1cc1de329608,6a6d5554-8f78-11e7-b164-1cc1de329608,SETASIDE
413c3707-8fea-11e7-b164-1cc1de329608,6a6d5861-8f78-11e7-b164-1cc1de329608,SETASIDE
413c3704-8fea-11e7-b164-1cc1de329608,6a6d57aa-8f78-11e7-b164-1cc1de329608,SETASIDE
413c3707-8fea-11e7-b164-1cc1de329608,6a6d582c-8f78-11e7-b164-1cc1de329608,SETASIDE
413c3707-8fea-11e7-b164-1cc1de329608,6a6d5854-8f78-11e7-b164-1cc1de329608,SETASIDE
413c3704-8fea-11e7-b164-1cc1de329608,6a6d57fa-8f78-11e7-b164-1cc1de329608,SETASIDE
413c3707-8fea-11e7-b164-1cc1de329608,6b2a96b3-8f78-11e7-b164-1cc1de329608,SETASIDE
413c3707-8fea-11e7-b164-1cc1de329608,6a6d5552-8f78-11e7-b164-1cc1de329608,SETASIDE
413c3704-8fea-11e7-b164-1cc1de329608,6b2a96e8-8f78-11e7-b164-1cc1de329608,SETASIDE
413c3707-8fea-11e7-b164-1cc1de329608,6b2a96f1-8f78-11e7-b164-1cc1de329608,SETASIDE
413c3707-8fea-11e7-b164-1cc1de329608,6b2a959b-8f78-11e7-b164-1cc1de329608,SETASIDE
413c3704-8fea-11e7-b164-1cc1de329608,6b2a94dd-8f78-11e7-b164-1cc1de329608,SETASIDE
413c3707-8fea-11e7-b164-1cc1de329608,6b2a9549-8f78-11e7-b164-1cc1de329608,SETASIDE
413c3707-8fea-11e7-b164-1cc1de329608,6a6d56c7-8f78-11e7-b164-1cc1de329608,SETASIDE
6a6d5726-8f78-11e7-b164-1cc1de329608,413c3700-8fea-11e7-b164-1cc1de329608,SETASIDE
413c3707-8fea-11e7-b164-1cc1de329608,6a6d583c-8f78-11e7-b164-1cc1de329608,SETASIDE
413c3704-8fea-11e7-b164-1cc1de329608,6a6d56b4-8f78-11e7-b164-1cc1de329608,SETASIDE
413c3704-8fea-11e7-b164-1cc1de329608,6b2a960d-8f78-11e7-b164-1cc1de329608,SETASIDE
413c3707-8fea-11e7-b164-1cc1de329608,6b2a9406-8f78-11e7-b164-1cc1de329608,SETASIDE
413c3704-8fea-11e7-b164-1cc1de329608,6b2a96e9-8f78-11e7-b164-1cc1de329608,SETASIDE
413c3707-8fea-11e7-b164-1cc1de329608,6b2a9408-8f78-11e7-b164-1cc1de329608,SETASIDE
413c3707-8fea-11e7-b164-1cc1de329608,6b2a93ce-8f78-11e7-b164-1cc1de329608,SETASIDE
413c3704-8fea-11e7-b164-1cc1de329608,6a6d57b3-8f78-11e7-b164-1cc1de329608,SETASIDE
413c3704-8fea-11e7-b164-1cc1de329608,6b2a93c3-8f78-11e7-b164-1cc1de329608,SETASIDE
413c3704-8fea-11e7-b164-1cc1de329608,6a6d5728-8f78-11e7-b164-1cc1de329608,SETASIDE
413c3704-8fea-11e7-b164-1cc1de329608,6b2a9673-8f78-11e7-b164-1cc1de329608,SETASIDE
413c3704-8fea-11e7-b164-1cc1de329608,6a6d5868-8f78-11e7-b164-1cc1de329608,SETASIDE
413c3707-8fea-11e7-b164-1cc1de329608,6a6d5810-8f78-11e7-b164-1cc1de329608,SETASIDE
413c3704-8fea-11e7-b164-1cc1de329608,6a6d56e8-8f78-11e7-b164-1cc1de329608,SETASIDE
413c3707-8fea-11e7-b164-1cc1de329608,6a6d584d-8f78-11e7-b164-1cc1de329608,SETASIDE
413c3704-8fea-11e7-b164-1cc1de329608,6b2a9503-8f78-11e7-b164-1cc1de329608,SETASIDE
413c3704-8fea-11e7-b164-1cc1de329608,6a6d552f-8f78-11e7-b164-1cc1de329608,SETASIDE
413c3704-8fea-11e7-b164-1cc1de329608,6b2a94c8-8f78-11e7-b164-1cc1de329608,SETASIDE
413c3707-8fea-11e7-b164-1cc1de329608,6b2a941c-8f78-11e7-b164-1cc1de329608,SETASIDE
413c3707-8fea-11e7-b164-1cc1de329608,6b2a93c1-8f78-11e7-b164-1cc1de329608,SETASIDE
413c3704-8fea-11e7-b164-1cc1de329608,6a6d5765-8f78-11e7-b164-1cc1de329608,SETASIDE
413c3704-8fea-11e7-b164-1cc1de329608,6a6d57ac-8f78-11e7-b164-1cc1de329608,SETASIDE
413c3704-8fea-11e7-b164-1cc1de329608,6b2a96ce-8f78-11e7-b164-1cc1de329608,SETASIDE
413c3707-8fea-11e7-b164-1cc1de329608,6a6d5844-8f78-11e7-b164-1cc1de329608,SETASIDE
413c3707-8fea-11e7-b164-1cc1de329608,6a6d57de-8f78-11e7-b164-1cc1de329608,SETASIDE
413c3708-8fea-11e7-b164-1cc1de329608,6b2a9575-8f78-11e7-b164-1cc1de329608,SETASIDE
413c3707-8fea-11e7-b164-1cc1de329608,6b2a94a2-8f78-11e7-b164-1cc1de329608,SETASIDE
413c3704-8fea-11e7-b164-1cc1de329608,6b2a9528-8f78-11e7-b164-1cc1de329608,SETASIDE
413c3707-8fea-11e7-b164-1cc1de329608,6b2a95c0-8f78-11e7-b164-1cc1de329608,SETASIDE
6b2a9404-8f78-11e7-b164-1cc1de329608,413c3701-8fea-11e7-b164-1cc1de329608,SETASIDE
6b2a9509-8f78-11e7-b164-1cc1de329608,413c3701-8fea-11e7-b164-1cc1de329608,SETASIDE
6b2a94c1-8f78-11e7-b164-1cc1de329608,413c3701-8fea-11e7-b164-1cc1de329608,SETASIDE
413c3704-8fea-11e7-b164-1cc1de329608,6b2a9454-8f78-11e7-b164-1cc1de329608,SETASIDE
413c3708-8fea-11e7-b164-1cc1de329608,6a6d56de-8f78-11e7-b164-1cc1de329608,SETASIDE
413c3708-8fea-11e7-b164-1cc1de329608,6a6d56d6-8f78-11e7-b164-1cc1de329608,SETASIDE
413c3704-8fea-11e7-b164-1cc1de329608,6a6d578d-8f78-11e7-b164-1cc1de329608,SETASIDE
413c3707-8fea-11e7-b164-1cc1de329608,6a6d580c-8f78-11e7-b164-1cc1de329608,SETASIDE
413c3704-8fea-11e7-b164-1cc1de329608,6b2a942e-8f78-11e7-b164-1cc1de329608,SETASIDE
413c3704-8fea-11e7-b164-1cc1de329608,6b2a9594-8f78-11e7-b164-1cc1de329608,SETASIDE
413c3704-8fea-11e7-b164-1cc1de329608,6b2a9487-8f78-11e7-b164-1cc1de329608,SETASIDE
413c3704-8fea-11e7-b164-1cc1de329608,6b2a96e7-8f78-11e7-b164-1cc1de329608,SETASIDE
413c3704-8fea-11e7-b164-1cc1de329608,6b2a94d2-8f78-11e7-b164-1cc1de329608,SETASIDE
413c3706-8fea-11e7-b164-1cc1de329608,6b2a93bd-8f78-11e7-b164-1cc1de329608,SETASIDE
413c3707-8fea-11e7-b164-1cc1de329608,6b2a95a1-8f78-11e7-b164-1cc1de329608,SETASIDE
413c3707-8fea-11e7-b164-1cc1de329608,6b2a9492-8f78-11e7-b164-1cc1de329608,SETASIDE
413c3704-8fea-11e7-b164-1cc1de329608,6a6d575f-8f78-11e7-b164-1cc1de329608,SETASIDE
413c3707-8fea-11e7-b164-1cc1de329608,6b2a966b-8f78-11e7-b164-1cc1de329608,SETASIDE
413c3704-8fea-11e7-b164-1cc1de329608,6b2a95f2-8f78-11e7-b164-1cc1de329608,SETASIDE
413c3707-8fea-11e7-b164-1cc1de329608,6b2a93db-8f78-11e7-b164-1cc1de329608,SETASIDE
413c3704-8fea-11e7-b164-1cc1de329608,6a6d56fe-8f78-11e7-b164-1cc1de329608,SETASIDE
413c3707-8fea-11e7-b164-1cc1de329608,6a6d5856-8f78-11e7-b164-1cc1de329608,SETASIDE
413c3704-8fea-11e7-b164-1cc1de329608,6b2a94d9-8f78-11e7-b164-1cc1de329608,SETASIDE
413c3704-8fea-11e7-b164-1cc1de329608,6a6d5802-8f78-11e7-b164-1cc1de329608,SETASIDE
413c3707-8fea-11e7-b164-1cc1de329608,6a6d57f0-8f78-11e7-b164-1cc1de329608,SETASIDE
413c3707-8fea-11e7-b164-1cc1de329608,6b2a95fa-8f78-11e7-b164-1cc1de329608,SETASIDE
413c3704-8fea-11e7-b164-1cc1de329608,6a6d5817-8f78-11e7-b164-1cc1de329608,SETASIDE
413c3707-8fea-11e7-b164-1cc1de329608,6b2a954c-8f78-11e7-b164-1cc1de329608,SETASIDE
413c3704-8fea-11e7-b164-1cc1de329608,6a6d575e-8f78-11e7-b164-1cc1de329608,SETASIDE
413c3704-8fea-11e7-b164-1cc1de329608,6b2a9430-8f78-11e7-b164-1cc1de329608,SETASIDE
413c3704-8fea-11e7-b164-1cc1de329608,6a6d5520-8f78-11e7-b164-1cc1de329608,SETASIDE
413c3707-8fea-11e7-b164-1cc1de329608,6b2a9553-8f78-11e7-b164-1cc1de329608,SETASIDE
413c3708-8fea-11e7-b164-1cc1de329608,6a6d5762-8f78-11e7-b164-1cc1de329608,SETASIDE
413c3704-8fea-11e7-b164-1cc1de329608,6b2a9608-8f78-11e7-b164-1cc1de329608,SETASIDE
413c3707-8fea-11e7-b164-1cc1de329608,6b2a958b-8f78-11e7-b164-1cc1de329608,SETASIDE
413c3708-8fea-11e7-b164-1cc1de329608,6b2a941b-8f78-11e7-b164-1cc1de329608,SETASIDE
413c3707-8fea-11e7-b164-1cc1de329608,6a6d5517-8f78-11e7-b164-1cc1de329608,SETASIDE
413c3709-8fea-11e7-b164-1cc1de329608,6b2a9429-8f78-11e7-b164-1cc1de329608,SETASIDE
413c3707-8fea-11e7-b164-1cc1de329608,6b2a9639-8f78-11e7-b164-1cc1de329608,SETASIDE
413c3708-8fea-11e7-b164-1cc1de329608,6b2a968e-8f78-11e7-b164-1cc1de329608,SETASIDE
413c3707-8fea-11e7-b164-1cc1de329608,6a6d5841-8f78-11e7-b164-1cc1de329608,SETASIDE
413c3707-8fea-11e7-b164-1cc1de329608,6a6d57f2-8f78-11e7-b164-1cc1de329608,SETASIDE
413c3707-8fea-11e7-b164-1cc1de329608,6b2a9699-8f78-11e7-b164-1cc1de329608,SETASIDE
413c3704-8fea-11e7-b164-1cc1de329608,6a6d57f9-8f78-11e7-b164-1cc1de329608,SETASIDE
413c3704-8fea-11e7-b164-1cc1de329608,6a6d5865-8f78-11e7-b164-1cc1de329608,SETASIDE
413c3704-8fea-11e7-b164-1cc1de329608,6b2a95b0-8f78-11e7-b164-1cc1de329608,SETASIDE
413c3704-8fea-11e7-b164-1cc1de329608,6b2a9697-8f78-11e7-b164-1cc1de329608,SETASIDE
413c3707-8fea-11e7-b164-1cc1de329608,6a6d581c-8f78-11e7-b164-1cc1de329608,SETASIDE
413c3708-8fea-11e7-b164-1cc1de329608,6b2a94ef-8f78-11e7-b164-1cc1de329608,SETASIDE
413c3704-8fea-11e7-b164-1cc1de329608,6b2a9506-8f78-11e7-b164-1cc1de329608,SETASIDE
413c3707-8fea-11e7-b164-1cc1de329608,6a6d56a9-8f78-11e7-b164-1cc1de329608,SETASIDE
413c3704-8fea-11e7-b164-1cc1de329608,6a6d56b9-8f78-11e7-b164-1cc1de329608,SETASIDE
413c3707-8fea-11e7-b164-1cc1de329608,6b2a94f2-8f78-11e7-b164-1cc1de329608,SETASIDE
413c3704-8fea-11e7-b164-1cc1de329608,6b2a940d-8f78-11e7-b164-1cc1de329608,SETASIDE
413c3704-8fea-11e7-b164-1cc1de329608,6a6d56c0-8f78-11e7-b164-1cc1de329608,SETASIDE
413c3704-8fea-11e7-b164-1cc1de329608,6a6d56d2-8f78-11e7-b164-1cc1de329608,SETASIDE
413c3704-8fea-11e7-b164-1cc1de329608,6a6d5717-8f78-11e7-b164-1cc1de329608,SETASIDE
413c3704-8fea-11e7-b164-1cc1de329608,6b2a94ea-8f78-11e7-b164-1cc1de329608,SETASIDE
413c3704-8fea-11e7-b164-1cc1de329608,6a6d5521-8f78-11e7-b164-1cc1de329608,SETASIDE
413c3707-8fea-11e7-b164-1cc1de329608,6b2a95cb-8f78-11e7-b164-1cc1de329608,SETASIDE
413c3707-8fea-11e7-b164-1cc1de329608,6b2a94e4-8f78-11e7-b164-1cc1de329608,SETASIDE
413c3704-8fea-11e7-b164-1cc1de329608,6a6d572c-8f78-11e7-b164-1cc1de329608,SETASIDE
413c3707-8fea-11e7-b164-1cc1de329608,6b2a94df-8f78-11e7-b164-1cc1de329608,SETASIDE
413c3709-8fea-11e7-b164-1cc1de329608,6b2a9617-8f78-11e7-b164-1cc1de329608,SETASIDE
413c3707-8fea-11e7-b164-1cc1de329608,6a6d5864-8f78-11e7-b164-1cc1de329608,SETASIDE
413c3704-8fea-11e7-b164-1cc1de329608,6a6d56fd-8f78-11e7-b164-1cc1de329608,SETASIDE
413c3704-8fea-11e7-b164-1cc1de329608,6b2a93b8-8f78-11e7-b164-1cc1de329608,SETASIDE
413c3707-8fea-11e7-b164-1cc1de329608,6a6d5842-8f78-11e7-b164-1cc1de329608,SETASIDE
413c3704-8fea-11e7-b164-1cc1de329608,6b2a94d8-8f78-11e7-b164-1cc1de329608,SETASIDE
413c3704-8fea-11e7-b164-1cc1de329608,6b2a9619-8f78-11e7-b164-1cc1de329608,SETASIDE
413c3707-8fea-11e7-b164-1cc1de329608,6a6d56c8-8f78-11e7-b164-1cc1de329608,SETASIDE
413c3708-8fea-11e7-b164-1cc1de329608,6b2a94cc-8f78-11e7-b164-1cc1de329608,SETASIDE
413c3707-8fea-11e7-b164-1cc1de329608,6b2a9555-8f78-11e7-b164-1cc1de329608,SETASIDE
413c3707-8fea-11e7-b164-1cc1de329608,6a6d555d-8f78-11e7-b164-1cc1de329608,SETASIDE
413c3704-8fea-11e7-b164-1cc1de329608,6b2a93eb-8f78-11e7-b164-1cc1de329608,SETASIDE
413c3704-8fea-11e7-b164-1cc1de329608,6b2a94fb-8f78-11e7-b164-1cc1de329608,SETASIDE
413c3704-8fea-11e7-b164-1cc1de329608,6a6d5783-8f78-11e7-b164-1cc1de329608,SETASIDE
413c3704-8fea-11e7-b164-1cc1de329608,6b2a964f-8f78-11e7-b164-1cc1de329608,SETASIDE
413c3707-8fea-11e7-b164-1cc1de329608,6b2a9539-8f78-11e7-b164-1cc1de329608,SETASIDE
6b2a950e-8f78-11e7-b164-1cc1de329608,413c3702-8fea-11e7-b164-1cc1de329608,SETASIDE
6a6d5823-8f78-11e7-b164-1cc1de329608,413c3702-8fea-11e7-b164-1cc1de329608,SETASIDE
6b2a950b-8f78-11e7-b164-1cc1de329608,413c3702-8fea-11e7-b164-1cc1de329608,SETASIDE
6b2a950c-8f78-11e7-b164-1cc1de329608,413c3702-8fea-11e7-b164-1cc1de329608,SETASIDE
413c3707-8fea-11e7-b164-1cc1de329608,6b2a9648-8f78-11e7-b164-1cc1de329608,SETASIDE
413c3707-8fea-11e7-b164-1cc1de329608,6a6d57cc-8f78-11e7-b164-1cc1de329608,SETASIDE
413c3707-8fea-11e7-b164-1cc1de329608,6b2a93be-8f78-11e7-b164-1cc1de329608,SETASIDE
413c3704-8fea-11e7-b164-1cc1de329608,6b2a96e6-8f78-11e7-b164-1cc1de329608,SETASIDE
413c3707-8fea-11e7-b164-1cc1de329608,6a6d589f-8f78-11e7-b164-1cc1de329608,SETASIDE
413c3707-8fea-11e7-b164-1cc1de329608,6b2a9554-8f78-11e7-b164-1cc1de329608,SETASIDE
413c3704-8fea-11e7-b164-1cc1de329608,6a6d572d-8f78-11e7-b164-1cc1de329608,SETASIDE
413c3708-8fea-11e7-b164-1cc1de329608,6b2a9465-8f78-11e7-b164-1cc1de329608,SETASIDE
413c3704-8fea-11e7-b164-1cc1de329608,6a6d551b-8f78-11e7-b164-1cc1de329608,SETASIDE
413c3707-8fea-11e7-b164-1cc1de329608,6a6d57eb-8f78-11e7-b164-1cc1de329608,SETASIDE
413c3704-8fea-11e7-b164-1cc1de329608,6b2a9640-8f78-11e7-b164-1cc1de329608,SETASIDE
413c3704-8fea-11e7-b164-1cc1de329608,6a6d5533-8f78-11e7-b164-1cc1de329608,SETASIDE
413c3704-8fea-11e7-b164-1cc1de329608,6b2a9579-8f78-11e7-b164-1cc1de329608,SETASIDE
413c3704-8fea-11e7-b164-1cc1de329608,6a6d57bb-8f78-11e7-b164-1cc1de329608,SETASIDE
6b2a95a6-8f78-11e7-b164-1cc1de329608,413c3703-8fea-11e7-b164-1cc1de329608,SETASIDE
413c3704-8fea-11e7-b164-1cc1de329608,6b2a9681-8f78-11e7-b164-1cc1de329608,SETASIDE
413c3709-8fea-11e7-b164-1cc1de329608,6b2a9613-8f78-11e7-b164-1cc1de329608,SETASIDE
413c3707-8fea-11e7-b164-1cc1de329608,6a6d5822-8f78-11e7-b164-1cc1de329608,SETASIDE
413c3704-8fea-11e7-b164-1cc1de329608,6b2a9444-8f78-11e7-b164-1cc1de329608,SETASIDE
413c3704-8fea-11e7-b164-1cc1de329608,6a6d576c-8f78-11e7-b164-1cc1de329608,SETASIDE
413c3707-8fea-11e7-b164-1cc1de329608,6b2a96ee-8f78-11e7-b164-1cc1de329608,SETASIDE
413c3704-8fea-11e7-b164-1cc1de329608,6a6d5801-8f78-11e7-b164-1cc1de329608,SETASIDE
413c3707-8fea-11e7-b164-1cc1de329608,6a6d57d3-8f78-11e7-b164-1cc1de329608,SETASIDE
413c3704-8fea-11e7-b164-1cc1de329608,6a6d5869-8f78-11e7-b164-1cc1de329608,SETASIDE
413c3707-8fea-11e7-b164-1cc1de329608,6b2a9477-8f78-11e7-b164-1cc1de329608,SETASIDE
413c3704-8fea-11e7-b164-1cc1de329608,6b2a94c0-8f78-11e7-b164-1cc1de329608,SETASIDE
413c3707-8fea-11e7-b164-1cc1de329608,6a6d570a-8f78-11e7-b164-1cc1de329608,SETASIDE
413c3706-8fea-11e7-b164-1cc1de329608,6b2a94f4-8f78-11e7-b164-1cc1de329608,SETASIDE
413c3708-8fea-11e7-b164-1cc1de329608,6a6d586a-8f78-11e7-b164-1cc1de329608,SETASIDE
413c3704-8fea-11e7-b164-1cc1de329608,6a6d573f-8f78-11e7-b164-1cc1de329608,SETASIDE
413c3707-8fea-11e7-b164-1cc1de329608,6b2a962f-8f78-11e7-b164-1cc1de329608,SETASIDE
413c3707-8fea-11e7-b164-1cc1de329608,6b2a96ef-8f78-11e7-b164-1cc1de329608,SETASIDE
413c3704-8fea-11e7-b164-1cc1de329608,6a6d576d-8f78-11e7-b164-1cc1de329608,SETASIDE
413c3704-8fea-11e7-b164-1cc1de329608,6a6d57e7-8f78-11e7-b164-1cc1de329608,SETASIDE
413c3707-8fea-11e7-b164-1cc1de329608,6b2a95ce-8f78-11e7-b164-1cc1de329608,SETASIDE
413c3704-8fea-11e7-b164-1cc1de329608,6b2a9522-8f78-11e7-b164-1cc1de329608,SETASIDE
413c3707-8fea-11e7-b164-1cc1de329608,6b2a950f-8f78-11e7-b164-1cc1de329608,SETASIDE
413c3707-8fea-11e7-b164-1cc1de329608,6b2a96f4-8f78-11e7-b164-1cc1de329608,SETASIDE
413c3707-8fea-11e7-b164-1cc1de329608,6a6d57dc-8f78-11e7-b164-1cc1de329608,SETASIDE
413c3704-8fea-11e7-b164-1cc1de329608,6b2a94f8-8f78-11e7-b164-1cc1de329608,SETASIDE
413c3704-8fea-11e7-b164-1cc1de329608,6a6d57ce-8f78-11e7-b164-1cc1de329608,SETASIDE
413c3704-8fea-11e7-b164-1cc1de329608,6b2a96d1-8f78-11e7-b164-1cc1de329608,SETASIDE
413c3707-8fea-11e7-b164-1cc1de329608,6a6d5850-8f78-11e7-b164-1cc1de329608,SETASIDE
413c3704-8fea-11e7-b164-1cc1de329608,6b2a9419-8f78-11e7-b164-1cc1de329608,SETASIDE
413c3704-8fea-11e7-b164-1cc1de329608,6a6d554c-8f78-11e7-b164-1cc1de329608,SETASIDE
413c3704-8fea-11e7-b164-1cc1de329608,6b2a95e8-8f78-11e7-b164-1cc1de329608,SETASIDE
413c3704-8fea-11e7-b164-1cc1de329608,6a6d5784-8f78-11e7-b164-1cc1de329608,SETASIDE
413c3707-8fea-11e7-b164-1cc1de329608,6b2a93d3-8f78-11e7-b164-1cc1de329608,SETASIDE
413c3704-8fea-11e7-b164-1cc1de329608,6a6d5774-8f78-11e7-b164-1cc1de329608,SETASIDE
413c3704-8fea-11e7-b164-1cc1de329608,6b2a9521-8f78-11e7-b164-1cc1de329608,SETASIDE
413c3704-8fea-11e7-b164-1cc1de329608,6b2a94f7-8f78-11e7-b164-1cc1de329608,SETASIDE
413c3707-8fea-11e7-b164-1cc1de329608,6b2a95c9-8f78-11e7-b164-1cc1de329608,SETASIDE
413c3707-8fea-11e7-b164-1cc1de329608,6a6d584f-8f78-11e7-b164-1cc1de329608,SETASIDE
413c3704-8fea-11e7-b164-1cc1de329608,6a6d5522-8f78-11e7-b164-1cc1de329608,SETASIDE
413c3704-8fea-11e7-b164-1cc1de329608,6b2a9407-8f78-11e7-b164-1cc1de329608,SETASIDE
413c3704-8fea-11e7-b164-1cc1de329608,6a6d570d-8f78-11e7-b164-1cc1de329608,SETASIDE
413c3707-8fea-11e7-b164-1cc1de329608,6a6d570f-8f78-11e7-b164-1cc1de329608,SETASIDE
413c3707-8fea-11e7-b164-1cc1de329608,6b2a94de-8f78-11e7-b164-1cc1de329608,SETASIDE
413c3707-8fea-11e7-b164-1cc1de329608,6a6d558a-8f78-11e7-b164-1cc1de329608,SETASIDE
413c3704-8fea-11e7-b164-1cc1de329608,6a6d553f-8f78-11e7-b164-1cc1de329608,SETASIDE
413c3704-8fea-11e7-b164-1cc1de329608,6b2a954d-8f78-11e7-b164-1cc1de329608,SETASIDE
413c3704-8fea-11e7-b164-1cc1de329608,6b2a964b-8f78-11e7-b164-1cc1de329608,SETASIDE
413c3707-8fea-11e7-b164-1cc1de329608,6b2a93ca-8f78-11e7-b164-1cc1de329608,SETASIDE
413c3707-8fea-11e7-b164-1cc1de329608,6b2a9534-8f78-11e7-b164-1cc1de329608,SETASIDE
413c3707-8fea-11e7-b164-1cc1de329608,6a6d5855-8f78-11e7-b164-1cc1de329608,SETASIDE
413c3707-8fea-11e7-b164-1cc1de329608,6b2a93f8-8f78-11e7-b164-1cc1de329608,SETASIDE
413c3707-8fea-11e7-b164-1cc1de329608,6a6d5788-8f78-11e7-b164-1cc1de329608,SETASIDE
413c3707-8fea-11e7-b164-1cc1de329608,6b2a952f-8f78-11e7-b164-1cc1de329608,SETASIDE
413c3704-8fea-11e7-b164-1cc1de329608,6b2a95dd-8f78-11e7-b164-1cc1de329608,SETASIDE
413c3704-8fea-11e7-b164-1cc1de329608,6b2a955a-8f78-11e7-b164-1cc1de329608,SETASIDE
413c3704-8fea-11e7-b164-1cc1de329608,6b2a9560-8f78-11e7-b164-1cc1de329608,SETASIDE
413c3704-8fea-11e7-b164-1cc1de329608,6b2a94b8-8f78-11e7-b164-1cc1de329608,SETASIDE
413c3707-8fea-11e7-b164-1cc1de329608,6b2a94d3-8f78-11e7-b164-1cc1de329608,SETASIDE
413c3704-8fea-11e7-b164-1cc1de329608,6a6d5778-8f78-11e7-b164-1cc1de329608,SETASIDE
413c3704-8fea-11e7-b164-1cc1de329608,6b2a953a-8f78-11e7-b164-1cc1de329608,SETASIDE
413c3707-8fea-11e7-b164-1cc1de329608,6a6d5703-8f78-11e7-b164-1cc1de329608,SETASIDE
413c3704-8fea-11e7-b164-1cc1de329608,6a6d56dd-8f78-11e7-b164-1cc1de329608,SETASIDE
413c3704-8fea-11e7-b164-1cc1de329608,6b2a95e1-8f78-11e7-b164-1cc1de329608,SETASIDE
6b2a94b5-8f78-11e7-b164-1cc1de329608,413c3704-8fea-11e7-b164-1cc1de329608,SETASIDE
6b2a9646-8f78-11e7-b164-1cc1de329608,413c3704-8fea-11e7-b164-1cc1de329608,SETASIDE
6b2a956e-8f78-11e7-b164-1cc1de329608,413c3704-8fea-11e7-b164-1cc1de329608,SETASIDE
6a6d577c-8f78-11e7-b164-1cc1de329608,413c3704-8fea-11e7-b164-1cc1de329608,SETASIDE
6b2a943c-8f78-11e7-b164-1cc1de329608,413c3704-8fea-11e7-b164-1cc1de329608,SETASIDE
6a6d58a1-8f78-11e7-b164-1cc1de329608,413c3704-8fea-11e7-b164-1cc1de329608,SETASIDE
6a6d551f-8f78-11e7-b164-1cc1de329608,413c3704-8fea-11e7-b164-1cc1de329608,SETASIDE
6b2a94c4-8f78-11e7-b164-1cc1de329608,413c3704-8fea-11e7-b164-1cc1de329608,SETASIDE
6a6d5782-8f78-11e7-b164-1cc1de329608,413c3704-8fea-11e7-b164-1cc1de329608,SETASIDE
6b2a94b6-8f78-11e7-b164-1cc1de329608,413c3704-8fea-11e7-b164-1cc1de329608,SETASIDE
6b2a95fc-8f78-11e7-b164-1cc1de329608,413c3704-8fea-11e7-b164-1cc1de329608,SETASIDE
6b2a9632-8f78-11e7-b164-1cc1de329608,413c3704-8fea-11e7-b164-1cc1de329608,SETASIDE
6a6d5532-8f78-11e7-b164-1cc1de329608,413c3704-8fea-11e7-b164-1cc1de329608,SETASIDE
6b2a9631-8f78-11e7-b164-1cc1de329608,413c3704-8fea-11e7-b164-1cc1de329608,SETASIDE
6b2a95cc-8f78-11e7-b164-1cc1de329608,413c3704-8fea-11e7-b164-1cc1de329608,SETASIDE
6a6d5567-8f78-11e7-b164-1cc1de329608,413c3704-8fea-11e7-b164-1cc1de329608,SETASIDE
6a6d56da-8f78-11e7-b164-1cc1de329608,413c3704-8fea-11e7-b164-1cc1de329608,SETASIDE
6b2a964a-8f78-11e7-b164-1cc1de329608,413c3704-8fea-11e7-b164-1cc1de329608,SETASIDE
6b2a95ad-8f78-11e7-b164-1cc1de329608,413c3704-8fea-11e7-b164-1cc1de329608,SETASIDE
6a6d5535-8f78-11e7-b164-1cc1de329608,413c3704-8fea-11e7-b164-1cc1de329608,SETASIDE
6b2a9609-8f78-11e7-b164-1cc1de329608,413c3704-8fea-11e7-b164-1cc1de329608,SETASIDE
6b2a9472-8f78-11e7-b164-1cc1de329608,413c3704-8fea-11e7-b164-1cc1de329608,SETASIDE
6b2a964e-8f78-11e7-b164-1cc1de329608,413c3704-8fea-11e7-b164-1cc1de329608,SETASIDE
6a6d5711-8f78-11e7-b164-1cc1de329608,413c3704-8fea-11e7-b164-1cc1de329608,SETASIDE
6a6d56f1-8f78-11e7-b164-1cc1de329608,413c3704-8fea-11e7-b164-1cc1de329608,SETASIDE
6b2a9497-8f78-11e7-b164-1cc1de329608,413c3704-8fea-11e7-b164-1cc1de329608,SETASIDE
6a6d582b-8f78-11e7-b164-1cc1de329608,413c3704-8fea-11e7-b164-1cc1de329608,SETASIDE
6a6d56cb-8f78-11e7-b164-1cc1de329608,413c3704-8fea-11e7-b164-1cc1de329608,SETASIDE
6b2a9562-8f78-11e7-b164-1cc1de329608,413c3704-8fea-11e7-b164-1cc1de329608,SETASIDE
6a6d56fc-8f78-11e7-b164-1cc1de329608,413c3704-8fea-11e7-b164-1cc1de329608,SETASIDE
6b2a94fd-8f78-11e7-b164-1cc1de329608,413c3704-8fea-11e7-b164-1cc1de329608,SETASIDE
6a6d5713-8f78-11e7-b164-1cc1de329608,413c3704-8fea-11e7-b164-1cc1de329608,SETASIDE
6a6d581f-8f78-11e7-b164-1cc1de329608,413c3704-8fea-11e7-b164-1cc1de329608,SETASIDE
6b2a9607-8f78-11e7-b164-1cc1de329608,413c3704-8fea-11e7-b164-1cc1de329608,SETASIDE
6b2a9569-8f78-11e7-b164-1cc1de329608,413c3704-8fea-11e7-b164-1cc1de329608,SETASIDE
6b2a96c2-8f78-11e7-b164-1cc1de329608,413c3704-8fea-11e7-b164-1cc1de329608,SETASIDE
6a6d56f5-8f78-11e7-b164-1cc1de329608,413c3704-8fea-11e7-b164-1cc1de329608,SETASIDE
6b2a943f-8f78-11e7-b164-1cc1de329608,413c3704-8fea-11e7-b164-1cc1de329608,SETASIDE
6b2a942b-8f78-11e7-b164-1cc1de329608,413c3704-8fea-11e7-b164-1cc1de329608,SETASIDE
6a6d56f7-8f78-11e7-b164-1cc1de329608,413c3704-8fea-11e7-b164-1cc1de329608,SETASIDE
6a6d5715-8f78-11e7-b164-1cc1de329608,413c3704-8fea-11e7-b164-1cc1de329608,SETASIDE
6a6d5776-8f78-11e7-b164-1cc1de329608,413c3704-8fea-11e7-b164-1cc1de329608,SETASIDE
6a6d578b-8f78-11e7-b164-1cc1de329608,413c3704-8fea-11e7-b164-1cc1de329608,SETASIDE
6a6d5733-8f78-11e7-b164-1cc1de329608,413c3704-8fea-11e7-b164-1cc1de329608,SETASIDE
6b2a96c5-8f78-11e7-b164-1cc1de329608,413c3704-8fea-11e7-b164-1cc1de329608,SETASIDE
6a6d57a2-8f78-11e7-b164-1cc1de329608,413c3704-8fea-11e7-b164-1cc1de329608,SETASIDE
6a6d575c-8f78-11e7-b164-1cc1de329608,413c3704-8fea-11e7-b164-1cc1de329608,SETASIDE
6a6d579c-8f78-11e7-b164-1cc1de329608,413c3704-8fea-11e7-b164-1cc1de329608,SETASIDE
6b2a967b-8f78-11e7-b164-1cc1de329608,413c3704-8fea-11e7-b164-1cc1de329608,SETASIDE
6b2a958f-8f78-11e7-b164-1cc1de329608,413c3704-8fea-11e7-b164-1cc1de329608,SETASIDE
6a6d575a-8f78-11e7-b164-1cc1de329608,413c3704-8fea-11e7-b164-1cc1de329608,SETASIDE
6a6d577a-8f78-11e7-b164-1cc1de329608,413c3704-8fea-11e7-b164-1cc1de329608,SETASIDE
6b2a952e-8f78-11e7-b164-1cc1de329608,413c3704-8fea-11e7-b164-1cc1de329608,SETASIDE
6a6d5758-8f78-11e7-b164-1cc1de329608,413c3704-8fea-11e7-b164-1cc1de329608,SETASIDE
6b2a9641-8f78-11e7-b164-1cc1de329608,413c3704-8fea-11e7-b164-1cc1de329608,SETASIDE
6b2a96c3-8f78-11e7-b164-1cc1de329608,413c3704-8fea-11e7-b164-1cc1de329608,SETASIDE
6a6d5524-8f78-11e7-b164-1cc1de329608,413c3704-8fea-11e7-b164-1cc1de329608,SETASIDE
6a6d5718-8f78-11e7-b164-1cc1de329608,413c3704-8fea-11e7-b164-1cc1de329608,SETASIDE
6a6d57bc-8f78-11e7-b164-1cc1de329608,413c3704-8fea-11e7-b164-1cc1de329608,SETASIDE
6a6d572f-8f78-11e7-b164-1cc1de329608,413c3704-8fea-11e7-b164-1cc1de329608,SETASIDE
6a6d5792-8f78-11e7-b164-1cc1de329608,413c3704-8fea-11e7-b164-1cc1de329608,SETASIDE
6b2a966a-8f78-11e7-b164-1cc1de329608,413c3704-8fea-11e7-b164-1cc1de329608,SETASIDE
6b2a956c-8f78-11e7-b164-1cc1de329608,413c3704-8fea-11e7-b164-1cc1de329608,SETASIDE
6b2a9499-8f78-11e7-b164-1cc1de329608,413c3704-8fea-11e7-b164-1cc1de329608,SETASIDE
6a6d5566-8f78-11e7-b164-1cc1de329608,413c3704-8fea-11e7-b164-1cc1de329608,SETASIDE
6a6d57e1-8f78-11e7-b164-1cc1de329608,413c3704-8fea-11e7-b164-1cc1de329608,SETASIDE
6b2a96a2-8f78-11e7-b164-1cc1de329608,413c3704-8fea-11e7-b164-1cc1de329608,SETASIDE
6a6d554e-8f78-11e7-b164-1cc1de329608,413c3704-8fea-11e7-b164-1cc1de329608,SETASIDE
6b2a95ba-8f78-11e7-b164-1cc1de329608,413c3704-8fea-11e7-b164-1cc1de329608,SETASIDE
6a6d5708-8f78-11e7-b164-1cc1de329608,413c3704-8fea-11e7-b164-1cc1de329608,SETASIDE
6b2a9470-8f78-11e7-b164-1cc1de329608,413c3704-8fea-11e7-b164-1cc1de329608,SETASIDE
6a6d550e-8f78-11e7-b164-1cc1de329608,413c3704-8fea-11e7-b164-1cc1de329608,SETASIDE
6b2a9625-8f78-11e7-b164-1cc1de329608,413c3704-8fea-11e7-b164-1cc1de329608,SETASIDE
6a6d5589-8f78-11e7-b164-1cc1de329608,413c3704-8fea-11e7-b164-1cc1de329608,SETASIDE
6b2a9505-8f78-11e7-b164-1cc1de329608,413c3704-8fea-11e7-b164-1cc1de329608,SETASIDE
6b2a941e-8f78-11e7-b164-1cc1de329608,413c3704-8fea-11e7-b164-1cc1de329608,SETASIDE
6a6d57cd-8f78-11e7-b164-1cc1de329608,413c3704-8fea-11e7-b164-1cc1de329608,SETASIDE
6a6d5709-8f78-11e7-b164-1cc1de329608,413c3704-8fea-11e7-b164-1cc1de329608,SETASIDE
6b2a945d-8f78-11e7-b164-1cc1de329608,413c3704-8fea-11e7-b164-1cc1de329608,SETASIDE
6a6d580e-8f78-11e7-b164-1cc1de329608,413c3704-8fea-11e7-b164-1cc1de329608,SETASIDE
6a6d57e9-8f78-11e7-b164-1cc1de329608,413c3704-8fea-11e7-b164-1cc1de329608,SETASIDE
6a6d5814-8f78-11e7-b164-1cc1de329608,413c3704-8fea-11e7-b164-1cc1de329608,SETASIDE
6b2a9544-8f78-11e7-b164-1cc1de329608,413c3704-8fea-11e7-b164-1cc1de329608,SETASIDE
6a6d56ef-8f78-11e7-b164-1cc1de329608,413c3704-8fea-11e7-b164-1cc1de329608,SETASIDE
6a6d5507-8f78-11e7-b164-1cc1de329608,413c3704-8fea-11e7-b164-1cc1de329608,SETASIDE
6b2a9561-8f78-11e7-b164-1cc1de329608,413c3704-8fea-11e7-b164-1cc1de329608,SETASIDE
6b2a93b4-8f78-11e7-b164-1cc1de329608,413c3704-8fea-11e7-b164-1cc1de329608,SETASIDE
6b2a9677-8f78-11e7-b164-1cc1de329608,413c3704-8fea-11e7-b164-1cc1de329608,SETASIDE
6b2a94c5-8f78-11e7-b164-1cc1de329608,413c3704-8fea-11e7-b164-1cc1de329608,SETASIDE
6b2a9538-8f78-11e7-b164-1cc1de329608,413c3704-8fea-11e7-b164-1cc1de329608,SETASIDE
6b2a9439-8f78-11e7-b164-1cc1de329608,413c3704-8fea-11e7-b164-1cc1de329608,SETASIDE
6b2a962b-8f78-11e7-b164-1cc1de329608,413c3704-8fea-11e7-b164-1cc1de329608,SETASIDE
6b2a9453-8f78-11e7-b164-1cc1de329608,413c3704-8fea-11e7-b164-1cc1de329608,SETASIDE
6b2a96bd-8f78-11e7-b164-1cc1de329608,413c3704-8fea-11e7-b164-1cc1de329608,SETASIDE
6a6d57f5-8f78-11e7-b164-1cc1de329608,413c3704-8fea-11e7-b164-1cc1de329608,SETASIDE
6b2a955c-8f78-11e7-b164-1cc1de329608,413c3704-8fea-11e7-b164-1cc1de329608,SETASIDE
6a6d57e5-8f78-11e7-b164-1cc1de329608,413c3704-8fea-11e7-b164-1cc1de329608,SETASIDE
6b2a956b-8f78-11e7-b164-1cc1de329608,413c3704-8fea-11e7-b164-1cc1de329608,SETASIDE
6b2a961e-8f78-11e7-b164-1cc1de329608,413c3704-8fea-11e7-b164-1cc1de329608,SETASIDE
6b2a9478-8f78-11e7-b164-1cc1de329608,413c3704-8fea-11e7-b164-1cc1de329608,SETASIDE
6b2a9405-8f78-11e7-b164-1cc1de329608,413c3704-8fea-11e7-b164-1cc1de329608,SETASIDE
6a6d57ca-8f78-11e7-b164-1cc1de329608,413c3704-8fea-11e7-b164-1cc1de329608,SETASIDE
6b2a95e9-8f78-11e7-b164-1cc1de329608,413c3704-8fea-11e7-b164-1cc1de329608,SETASIDE
6b2a9449-8f78-11e7-b164-1cc1de329608,413c3704-8fea-11e7-b164-1cc1de329608,SETASIDE
6b2a9479-8f78-11e7-b164-1cc1de329608,413c3704-8fea-11e7-b164-1cc1de329608,SETASIDE
6a6d5794-8f78-11e7-b164-1cc1de329608,413c3704-8fea-11e7-b164-1cc1de329608,SETASIDE
6a6d5525-8f78-11e7-b164-1cc1de329608,413c3704-8fea-11e7-b164-1cc1de329608,SETASIDE
6b2a943d-8f78-11e7-b164-1cc1de329608,413c3704-8fea-11e7-b164-1cc1de329608,SETASIDE
6b2a9502-8f78-11e7-b164-1cc1de329608,413c3704-8fea-11e7-b164-1cc1de329608,SETASIDE
6b2a94ca-8f78-11e7-b164-1cc1de329608,413c3704-8fea-11e7-b164-1cc1de329608,SETASIDE
6a6d56f4-8f78-11e7-b164-1cc1de329608,413c3704-8fea-11e7-b164-1cc1de329608,SETASIDE
6a6d5542-8f78-11e7-b164-1cc1de329608,413c3704-8fea-11e7-b164-1cc1de329608,SETASIDE
6a6d570b-8f78-11e7-b164-1cc1de329608,413c3704-8fea-11e7-b164-1cc1de329608,SETASIDE
6a6d5790-8f78-11e7-b164-1cc1de329608,413c3704-8fea-11e7-b164-1cc1de329608,SETASIDE
6b2a96f6-8f78-11e7-b164-1cc1de329608,413c3704-8fea-11e7-b164-1cc1de329608,SETASIDE
6b2a9668-8f78-11e7-b164-1cc1de329608,413c3704-8fea-11e7-b164-1cc1de329608,SETASIDE
6a6d5830-8f78-11e7-b164-1cc1de329608,413c3704-8fea-11e7-b164-1cc1de329608,SETASIDE
6a6d551a-8f78-11e7-b164-1cc1de329608,413c3704-8fea-11e7-b164-1cc1de329608,SETASIDE
6b2a960b-8f78-11e7-b164-1cc1de329608,413c3704-8fea-11e7-b164-1cc1de329608,SETASIDE
6b2a952b-8f78-11e7-b164-1cc1de329608,413c3704-8fea-11e7-b164-1cc1de329608,SETASIDE
6a6d554a-8f78-11e7-b164-1cc1de329608,413c3704-8fea-11e7-b164-1cc1de329608,SETASIDE
6a6d57af-8f78-11e7-b164-1cc1de329608,413c3704-8fea-11e7-b164-1cc1de329608,SETASIDE
6a6d56f6-8f78-11e7-b164-1cc1de329608,413c3704-8fea-11e7-b164-1cc1de329608,SETASIDE
6b2a9682-8f78-11e7-b164-1cc1de329608,413c3704-8fea-11e7-b164-1cc1de329608,SETASIDE
6b2a9598-8f78-11e7-b164-1cc1de329608,413c3704-8fea-11e7-b164-1cc1de329608,SETASIDE
6b2a93d9-8f78-11e7-b164-1cc1de329608,413c3704-8fea-11e7-b164-1cc1de329608,SETASIDE
6b2a969d-8f78-11e7-b164-1cc1de329608,413c3704-8fea-11e7-b164-1cc1de329608,SETASIDE
6b2a9485-8f78-11e7-b164-1cc1de329608,413c3704-8fea-11e7-b164-1cc1de329608,SETASIDE
6b2a960c-8f78-11e7-b164-1cc1de329608,413c3704-8fea-11e7-b164-1cc1de329608,SETASIDE
6a6d56e6-8f78-11e7-b164-1cc1de329608,413c3704-8fea-11e7-b164-1cc1de329608,SETASIDE
6a6d5565-8f78-11e7-b164-1cc1de329608,413c3704-8fea-11e7-b164-1cc1de329608,SETASIDE
6b2a96c0-8f78-11e7-b164-1cc1de329608,413c3704-8fea-11e7-b164-1cc1de329608,SETASIDE
6a6d5732-8f78-11e7-b164-1cc1de329608,413c3704-8fea-11e7-b164-1cc1de329608,SETASIDE
6b2a961a-8f78-11e7-b164-1cc1de329608,413c3704-8fea-11e7-b164-1cc1de329608,SETASIDE
6b2a9605-8f78-11e7-b164-1cc1de329608,413c3704-8fea-11e7-b164-1cc1de329608,SETASIDE
6b2a94b9-8f78-11e7-b164-1cc1de329608,413c3704-8fea-11e7-b164-1cc1de329608,SETASIDE
6b2a957a-8f78-11e7-b164-1cc1de329608,413c3704-8fea-11e7-b164-1cc1de329608,SETASIDE
6a6d56b2-8f78-11e7-b164-1cc1de329608,413c3704-8fea-11e7-b164-1cc1de329608,SETASIDE
6b2a955f-8f78-11e7-b164-1cc1de329608,413c3704-8fea-11e7-b164-1cc1de329608,SETASIDE
6b2a96b8-8f78-11e7-b164-1cc1de329608,413c3704-8fea-11e7-b164-1cc1de329608,SETASIDE
6a6d5816-8f78-11e7-b164-1cc1de329608,413c3704-8fea-11e7-b164-1cc1de329608,SETASIDE
6b2a95de-8f78-11e7-b164-1cc1de329608,413c3704-8fea-11e7-b164-1cc1de329608,SETASIDE
6a6d573e-8f78-11e7-b164-1cc1de329608,413c3704-8fea-11e7-b164-1cc1de329608,SETASIDE
6b2a93f4-8f78-11e7-b164-1cc1de329608,413c3704-8fea-11e7-b164-1cc1de329608,SETASIDE
6b2a9621-8f78-11e7-b164-1cc1de329608,413c3704-8fea-11e7-b164-1cc1de329608,SETASIDE
6b2a96c1-8f78-11e7-b164-1cc1de329608,413c3704-8fea-11e7-b164-1cc1de329608,SETASIDE
6b2a9563-8f78-11e7-b164-1cc1de329608,413c3704-8fea-11e7-b164-1cc1de329608,SETASIDE
6a6d57d7-8f78-11e7-b164-1cc1de329608,413c3704-8fea-11e7-b164-1cc1de329608,SETASIDE
6b2a9596-8f78-11e7-b164-1cc1de329608,413c3704-8fea-11e7-b164-1cc1de329608,SETASIDE
6a6d556d-8f78-11e7-b164-1cc1de329608,413c3704-8fea-11e7-b164-1cc1de329608,SETASIDE
6a6d56ea-8f78-11e7-b164-1cc1de329608,413c3704-8fea-11e7-b164-1cc1de329608,SETASIDE
6b2a95ee-8f78-11e7-b164-1cc1de329608,413c3704-8fea-11e7-b164-1cc1de329608,SETASIDE
6a6d5729-8f78-11e7-b164-1cc1de329608,413c3704-8fea-11e7-b164-1cc1de329608,SETASIDE
6b2a9622-8f78-11e7-b164-1cc1de329608,413c3704-8fea-11e7-b164-1cc1de329608,SETASIDE
6a6d56af-8f78-11e7-b164-1cc1de329608,413c3704-8fea-11e7-b164-1cc1de329608,SETASIDE
6a6d56d0-8f78-11e7-b164-1cc1de329608,413c3704-8fea-11e7-b164-1cc1de329608,SETASIDE
6a6d5803-8f78-11e7-b164-1cc1de329608,413c3704-8fea-11e7-b164-1cc1de329608,SETASIDE
6a6d581b-8f78-11e7-b164-1cc1de329608,413c3704-8fea-11e7-b164-1cc1de329608,SETASIDE
6a6d551d-8f78-11e7-b164-1cc1de329608,413c3704-8fea-11e7-b164-1cc1de329608,SETASIDE
6b2a93ed-8f78-11e7-b164-1cc1de329608,413c3704-8fea-11e7-b164-1cc1de329608,SETASIDE
6b2a9633-8f78-11e7-b164-1cc1de329608,413c3704-8fea-11e7-b164-1cc1de329608,SETASIDE
6a6d5754-8f78-11e7-b164-1cc1de329608,413c3704-8fea-11e7-b164-1cc1de329608,SETASIDE
6b2a94bc-8f78-11e7-b164-1cc1de329608,413c3704-8fea-11e7-b164-1cc1de329608,SETASIDE
6a6d5707-8f78-11e7-b164-1cc1de329608,413c3704-8fea-11e7-b164-1cc1de329608,SETASIDE
6a6d5536-8f78-11e7-b164-1cc1de329608,413c3704-8fea-11e7-b164-1cc1de329608,SETASIDE
6b2a9455-8f78-11e7-b164-1cc1de329608,413c3704-8fea-11e7-b164-1cc1de329608,SETASIDE
6a6d5563-8f78-11e7-b164-1cc1de329608,413c3704-8fea-11e7-b164-1cc1de329608,SETASIDE
6b2a9526-8f78-11e7-b164-1cc1de329608,413c3704-8fea-11e7-b164-1cc1de329608,SETASIDE
6a6d551c-8f78-11e7-b164-1cc1de329608,413c3704-8fea-11e7-b164-1cc1de329608,SETASIDE
6a6d5705-8f78-11e7-b164-1cc1de329608,413c3704-8fea-11e7-b164-1cc1de329608,SETASIDE
6b2a9623-8f78-11e7-b164-1cc1de329608,413c3704-8fea-11e7-b164-1cc1de329608,SETASIDE
6a6d5546-8f78-11e7-b164-1cc1de329608,413c3704-8fea-11e7-b164-1cc1de329608,SETASIDE
6a6d5502-8f78-11e7-b164-1cc1de329608,413c3704-8fea-11e7-b164-1cc1de329608,SETASIDE
6b2a9403-8f78-11e7-b164-1cc1de329608,413c3704-8fea-11e7-b164-1cc1de329608,SETASIDE
6b2a943a-8f78-11e7-b164-1cc1de329608,413c3704-8fea-11e7-b164-1cc1de329608,SETASIDE
6a6d5544-8f78-11e7-b164-1cc1de329608,413c3704-8fea-11e7-b164-1cc1de329608,SETASIDE
6a6d578e-8f78-11e7-b164-1cc1de329608,413c3704-8fea-11e7-b164-1cc1de329608,SETASIDE
6a6d56ab-8f78-11e7-b164-1cc1de329608,413c3704-8fea-11e7-b164-1cc1de329608,SETASIDE
6b2a95bc-8f78-11e7-b164-1cc1de329608,413c3704-8fea-11e7-b164-1cc1de329608,SETASIDE
6a6d557e-8f78-11e7-b164-1cc1de329608,413c3704-8fea-11e7-b164-1cc1de329608,SETASIDE
6b2a9671-8f78-11e7-b164-1cc1de329608,413c3704-8fea-11e7-b164-1cc1de329608,SETASIDE
6b2a9473-8f78-11e7-b164-1cc1de329608,413c3704-8fea-11e7-b164-1cc1de329608,SETASIDE
6b2a95ec-8f78-11e7-b164-1cc1de329608,413c3704-8fea-11e7-b164-1cc1de329608,SETASIDE
6a6d56aa-8f78-11e7-b164-1cc1de329608,413c3704-8fea-11e7-b164-1cc1de329608,SETASIDE
6b2a96eb-8f78-11e7-b164-1cc1de329608,413c3704-8fea-11e7-b164-1cc1de329608,SETASIDE
6b2a95fe-8f78-11e7-b164-1cc1de329608,413c3704-8fea-11e7-b164-1cc1de329608,SETASIDE
6a6d5819-8f78-11e7-b164-1cc1de329608,413c3704-8fea-11e7-b164-1cc1de329608,SETASIDE
6a6d5523-8f78-11e7-b164-1cc1de329608,413c3704-8fea-11e7-b164-1cc1de329608,SETASIDE
6b2a945c-8f78-11e7-b164-1cc1de329608,413c3704-8fea-11e7-b164-1cc1de329608,SETASIDE
6a6d5867-8f78-11e7-b164-1cc1de329608,413c3704-8fea-11e7-b164-1cc1de329608,SETASIDE
6a6d5799-8f78-11e7-b164-1cc1de329608,413c3704-8fea-11e7-b164-1cc1de329608,SETASIDE
6a6d56ad-8f78-11e7-b164-1cc1de329608,413c3704-8fea-11e7-b164-1cc1de329608,SETASIDE
6b2a955d-8f78-11e7-b164-1cc1de329608,413c3704-8fea-11e7-b164-1cc1de329608,SETASIDE
6b2a96b9-8f78-11e7-b164-1cc1de329608,413c3704-8fea-11e7-b164-1cc1de329608,SETASIDE
6a6d5710-8f78-11e7-b164-1cc1de329608,413c3704-8fea-11e7-b164-1cc1de329608,SETASIDE
6b2a96bc-8f78-11e7-b164-1cc1de329608,413c3704-8fea-11e7-b164-1cc1de329608,SETASIDE
6b2a941a-8f78-11e7-b164-1cc1de329608,413c3704-8fea-11e7-b164-1cc1de329608,SETASIDE
6b2a96dc-8f78-11e7-b164-1cc1de329608,413c3704-8fea-11e7-b164-1cc1de329608,SETASIDE
6b2a94d7-8f78-11e7-b164-1cc1de329608,413c3704-8fea-11e7-b164-1cc1de329608,SETASIDE
6a6d5772-8f78-11e7-b164-1cc1de329608,413c3704-8fea-11e7-b164-1cc1de329608,SETASIDE
6a6d57d0-8f78-11e7-b164-1cc1de329608,413c3704-8fea-11e7-b164-1cc1de329608,SETASIDE
6a6d5771-8f78-11e7-b164-1cc1de329608,413c3704-8fea-11e7-b164-1cc1de329608,SETASIDE
6b2a9488-8f78-11e7-b164-1cc1de329608,413c3704-8fea-11e7-b164-1cc1de329608,SETASIDE
6b2a94b0-8f78-11e7-b164-1cc1de329608,413c3704-8fea-11e7-b164-1cc1de329608,SETASIDE
6b2a95bb-8f78-11e7-b164-1cc1de329608,413c3704-8fea-11e7-b164-1cc1de329608,SETASIDE
6b2a9523-8f78-11e7-b164-1cc1de329608,413c3704-8fea-11e7-b164-1cc1de329608,SETASIDE
6a6d5815-8f78-11e7-b164-1cc1de329608,413c3704-8fea-11e7-b164-1cc1de329608,SETASIDE
6b2a95e0-8f78-11e7-b164-1cc1de329608,413c3704-8fea-11e7-b164-1cc1de329608,SETASIDE
6b2a9616-8f78-11e7-b164-1cc1de329608,413c3704-8fea-11e7-b164-1cc1de329608,SETASIDE
6b2a95d1-8f78-11e7-b164-1cc1de329608,413c3704-8fea-11e7-b164-1cc1de329608,SETASIDE
6a6d5760-8f78-11e7-b164-1cc1de329608,413c3704-8fea-11e7-b164-1cc1de329608,SETASIDE
6b2a95b9-8f78-11e7-b164-1cc1de329608,413c3704-8fea-11e7-b164-1cc1de329608,SETASIDE
6b2a94dc-8f78-11e7-b164-1cc1de329608,413c3704-8fea-11e7-b164-1cc1de329608,SETASIDE
6b2a96e4-8f78-11e7-b164-1cc1de329608,413c3704-8fea-11e7-b164-1cc1de329608,SETASIDE
6b2a9520-8f78-11e7-b164-1cc1de329608,413c3704-8fea-11e7-b164-1cc1de329608,SETASIDE
6a6d557a-8f78-11e7-b164-1cc1de329608,413c3704-8fea-11e7-b164-1cc1de329608,SETASIDE
6b2a96b7-8f78-11e7-b164-1cc1de329608,413c3704-8fea-11e7-b164-1cc1de329608,SETASIDE
6b2a96d7-8f78-11e7-b164-1cc1de329608,413c3704-8fea-11e7-b164-1cc1de329608,SETASIDE
6a6d5504-8f78-11e7-b164-1cc1de329608,413c3704-8fea-11e7-b164-1cc1de329608,SETASIDE
6b2a9578-8f78-11e7-b164-1cc1de329608,413c3704-8fea-11e7-b164-1cc1de329608,SETASIDE
6b2a9565-8f78-11e7-b164-1cc1de329608,413c3704-8fea-11e7-b164-1cc1de329608,SETASIDE
6b2a94b7-8f78-11e7-b164-1cc1de329608,413c3704-8fea-11e7-b164-1cc1de329608,SETASIDE
6b2a9669-8f78-11e7-b164-1cc1de329608,413c3704-8fea-11e7-b164-1cc1de329608,SETASIDE
6a6d57b5-8f78-11e7-b164-1cc1de329608,413c3704-8fea-11e7-b164-1cc1de329608,SETASIDE
6b2a966e-8f78-11e7-b164-1cc1de329608,413c3704-8fea-11e7-b164-1cc1de329608,SETASIDE
6b2a9410-8f78-11e7-b164-1cc1de329608,413c3704-8fea-11e7-b164-1cc1de329608,SETASIDE
6b2a9642-8f78-11e7-b164-1cc1de329608,413c3704-8fea-11e7-b164-1cc1de329608,SETASIDE
6a6d5739-8f78-11e7-b164-1cc1de329608,413c3704-8fea-11e7-b164-1cc1de329608,SETASIDE
6b2a95ed-8f78-11e7-b164-1cc1de329608,413c3704-8fea-11e7-b164-1cc1de329608,SETASIDE
6b2a955b-8f78-11e7-b164-1cc1de329608,413c3704-8fea-11e7-b164-1cc1de329608,SETASIDE
6b2a9417-8f78-11e7-b164-1cc1de329608,413c3704-8fea-11e7-b164-1cc1de329608,SETASIDE
6a6d56e3-8f78-11e7-b164-1cc1de329608,413c3704-8fea-11e7-b164-1cc1de329608,SETASIDE
6b2a9421-8f78-11e7-b164-1cc1de329608,413c3704-8fea-11e7-b164-1cc1de329608,SETASIDE
6b2a9643-8f78-11e7-b164-1cc1de329608,413c3704-8fea-11e7-b164-1cc1de329608,SETASIDE
6a6d5878-8f78-11e7-b164-1cc1de329608,413c3704-8fea-11e7-b164-1cc1de329608,SETASIDE
6a6d5531-8f78-11e7-b164-1cc1de329608,413c3704-8fea-11e7-b164-1cc1de329608,SETASIDE
6b2a946e-8f78-11e7-b164-1cc1de329608,413c3704-8fea-11e7-b164-1cc1de329608,SETASIDE
6b2a94bf-8f78-11e7-b164-1cc1de329608,413c3704-8fea-11e7-b164-1cc1de329608,SETASIDE
6a6d5757-8f78-11e7-b164-1cc1de329608,413c3704-8fea-11e7-b164-1cc1de329608,SETASIDE
6a6d576f-8f78-11e7-b164-1cc1de329608,413c3704-8fea-11e7-b164-1cc1de329608,SETASIDE
6b2a9524-8f78-11e7-b164-1cc1de329608,413c3704-8fea-11e7-b164-1cc1de329608,SETASIDE
6b2a95a0-8f78-11e7-b164-1cc1de329608,413c3704-8fea-11e7-b164-1cc1de329608,SETASIDE
6a6d57b2-8f78-11e7-b164-1cc1de329608,413c3704-8fea-11e7-b164-1cc1de329608,SETASIDE
6a6d57c8-8f78-11e7-b164-1cc1de329608,413c3704-8fea-11e7-b164-1cc1de329608,SETASIDE
6a6d5789-8f78-11e7-b164-1cc1de329608,413c3704-8fea-11e7-b164-1cc1de329608,SETASIDE
6b2a93b7-8f78-11e7-b164-1cc1de329608,413c3704-8fea-11e7-b164-1cc1de329608,SETASIDE
6a6d554d-8f78-11e7-b164-1cc1de329608,413c3704-8fea-11e7-b164-1cc1de329608,SETASIDE
6b2a949e-8f78-11e7-b164-1cc1de329608,413c3704-8fea-11e7-b164-1cc1de329608,SETASIDE
6b2a947a-8f78-11e7-b164-1cc1de329608,413c3704-8fea-11e7-b164-1cc1de329608,SETASIDE
6a6d5550-8f78-11e7-b164-1cc1de329608,413c3704-8fea-11e7-b164-1cc1de329608,SETASIDE
6a6d56ac-8f78-11e7-b164-1cc1de329608,413c3704-8fea-11e7-b164-1cc1de329608,SETASIDE
6b2a94eb-8f78-11e7-b164-1cc1de329608,413c3704-8fea-11e7-b164-1cc1de329608,SETASIDE
6b2a96e5-8f78-11e7-b164-1cc1de329608,413c3704-8fea-11e7-b164-1cc1de329608,SETASIDE
6a6d556f-8f78-11e7-b164-1cc1de329608,413c3704-8fea-11e7-b164-1cc1de329608,SETASIDE
6a6d56ae-8f78-11e7-b164-1cc1de329608,413c3704-8fea-11e7-b164-1cc1de329608,SETASIDE
6b2a94e7-8f78-11e7-b164-1cc1de329608,413c3704-8fea-11e7-b164-1cc1de329608,SETASIDE
6a6d5506-8f78-11e7-b164-1cc1de329608,413c3704-8fea-11e7-b164-1cc1de329608,SETASIDE
6a6d5505-8f78-11e7-b164-1cc1de329608,413c3704-8fea-11e7-b164-1cc1de329608,SETASIDE
6b2a96cf-8f78-11e7-b164-1cc1de329608,413c3704-8fea-11e7-b164-1cc1de329608,SETASIDE
6b2a95ef-8f78-11e7-b164-1cc1de329608,413c3704-8fea-11e7-b164-1cc1de329608,SETASIDE
6b2a9415-8f78-11e7-b164-1cc1de329608,413c3704-8fea-11e7-b164-1cc1de329608,SETASIDE
6a6d585f-8f78-11e7-b164-1cc1de329608,413c3704-8fea-11e7-b164-1cc1de329608,SETASIDE
6b2a96d9-8f78-11e7-b164-1cc1de329608,413c3704-8fea-11e7-b164-1cc1de329608,SETASIDE
6b2a967e-8f78-11e7-b164-1cc1de329608,413c3704-8fea-11e7-b164-1cc1de329608,SETASIDE
6b2a9606-8f78-11e7-b164-1cc1de329608,413c3704-8fea-11e7-b164-1cc1de329608,SETASIDE
6b2a9504-8f78-11e7-b164-1cc1de329608,413c3704-8fea-11e7-b164-1cc1de329608,SETASIDE
6b2a957d-8f78-11e7-b164-1cc1de329608,413c3704-8fea-11e7-b164-1cc1de329608,SETASIDE
6b2a945f-8f78-11e7-b164-1cc1de329608,413c3704-8fea-11e7-b164-1cc1de329608,SETASIDE
6a6d56df-8f78-11e7-b164-1cc1de329608,413c3704-8fea-11e7-b164-1cc1de329608,SETASIDE
6b2a9601-8f78-11e7-b164-1cc1de329608,413c3704-8fea-11e7-b164-1cc1de329608,SETASIDE
6a6d56c2-8f78-11e7-b164-1cc1de329608,413c3704-8fea-11e7-b164-1cc1de329608,SETASIDE
6b2a94b4-8f78-11e7-b164-1cc1de329608,413c3704-8fea-11e7-b164-1cc1de329608,SETASIDE
413c3707-8fea-11e7-b164-1cc1de329608,6b2a93c8-8f78-11e7-b164-1cc1de329608,SETASIDE
413c3709-8fea-11e7-b164-1cc1de329608,6a6d5503-8f78-11e7-b164-1cc1de329608,SETASIDE
413c3707-8fea-11e7-b164-1cc1de329608,6b2a96cd-8f78-11e7-b164-1cc1de329608,SETASIDE
413c3707-8fea-11e7-b164-1cc1de329608,6b2a94ee-8f78-11e7-b164-1cc1de329608,SETASIDE
413c3708-8fea-11e7-b164-1cc1de329608,6b2a94c2-8f78-11e7-b164-1cc1de329608,SETASIDE
413c3707-8fea-11e7-b164-1cc1de329608,6a6d5836-8f78-11e7-b164-1cc1de329608,SETASIDE
413c3707-8fea-11e7-b164-1cc1de329608,6b2a9580-8f78-11e7-b164-1cc1de329608,SETASIDE
413c3707-8fea-11e7-b164-1cc1de329608,6a6d56bc-8f78-11e7-b164-1cc1de329608,SETASIDE
413c3707-8fea-11e7-b164-1cc1de329608,6b2a9418-8f78-11e7-b164-1cc1de329608,SETASIDE
413c3705-8fea-11e7-b164-1cc1de329608,6a6d5866-8f78-11e7-b164-1cc1de329608,SETASIDE
413c3707-8fea-11e7-b164-1cc1de329608,6b2a93e3-8f78-11e7-b164-1cc1de329608,SETASIDE
413c3707-8fea-11e7-b164-1cc1de329608,6a6d5561-8f78-11e7-b164-1cc1de329608,SETASIDE
413c3707-8fea-11e7-b164-1cc1de329608,6b2a953b-8f78-11e7-b164-1cc1de329608,SETASIDE
413c3707-8fea-11e7-b164-1cc1de329608,6b2a96a1-8f78-11e7-b164-1cc1de329608,SETASIDE
413c3707-8fea-11e7-b164-1cc1de329608,6a6d56d4-8f78-11e7-b164-1cc1de329608,SETASIDE
413c3707-8fea-11e7-b164-1cc1de329608,6b2a9537-8f78-11e7-b164-1cc1de329608,SETASIDE
413c3707-8fea-11e7-b164-1cc1de329608,6a6d5527-8f78-11e7-b164-1cc1de329608,SETASIDE
413c3707-8fea-11e7-b164-1cc1de329608,6b2a9564-8f78-11e7-b164-1cc1de329608,SETASIDE
413c3707-8fea-11e7-b164-1cc1de329608,6b2a93cf-8f78-11e7-b164-1cc1de329608,SETASIDE
413c3708-8fea-11e7-b164-1cc1de329608,6b2a94cb-8f78-11e7-b164-1cc1de329608,SETASIDE
413c3707-8fea-11e7-b164-1cc1de329608,6a6d56c3-8f78-11e7-b164-1cc1de329608,SETASIDE
413c3707-8fea-11e7-b164-1cc1de329608,6b2a93d5-8f78-11e7-b164-1cc1de329608,SETASIDE
413c3707-8fea-11e7-b164-1cc1de329608,6b2a94d5-8f78-11e7-b164-1cc1de329608,SETASIDE
413c3707-8fea-11e7-b164-1cc1de329608,6a6d5835-8f78-11e7-b164-1cc1de329608,SETASIDE
413c3707-8fea-11e7-b164-1cc1de329608,6b2a96b2-8f78-11e7-b164-1cc1de329608,SETASIDE
413c3707-8fea-11e7-b164-1cc1de329608,6a6d57ee-8f78-11e7-b164-1cc1de329608,SETASIDE
413c3707-8fea-11e7-b164-1cc1de329608,6b2a94e0-8f78-11e7-b164-1cc1de329608,SETASIDE
413c3707-8fea-11e7-b164-1cc1de329608,6b2a94a1-8f78-11e7-b164-1cc1de329608,SETASIDE
413c3709-8fea-11e7-b164-1cc1de329608,6b2a96d2-8f78-11e7-b164-1cc1de329608,SETASIDE
413c3707-8fea-11e7-b164-1cc1de329608,6a6d5862-8f78-11e7-b164-1cc1de329608,SETASIDE
413c3707-8fea-11e7-b164-1cc1de329608,6b2a9678-8f78-11e7-b164-1cc1de329608,SETASIDE
413c3707-8fea-11e7-b164-1cc1de329608,6b2a9679-8f78-11e7-b164-1cc1de329608,SETASIDE
413c3707-8fea-11e7-b164-1cc1de329608,6b2a9493-8f78-11e7-b164-1cc1de329608,SETASIDE
413c3707-8fea-11e7-b164-1cc1de329608,6b2a93c4-8f78-11e7-b164-1cc1de329608,SETASIDE
413c3707-8fea-11e7-b164-1cc1de329608,6b2a95c1-8f78-11e7-b164-1cc1de329608,SETASIDE
413c3707-8fea-11e7-b164-1cc1de329608,6b2a95cd-8f78-11e7-b164-1cc1de329608,SETASIDE
413c3707-8fea-11e7-b164-1cc1de329608,6b2a951d-8f78-11e7-b164-1cc1de329608,SETASIDE
413c3707-8fea-11e7-b164-1cc1de329608,6b2a93c0-8f78-11e7-b164-1cc1de329608,SETASIDE
413c3707-8fea-11e7-b164-1cc1de329608,6b2a9507-8f78-11e7-b164-1cc1de329608,SETASIDE
413c3707-8fea-11e7-b164-1cc1de329608,6b2a9412-8f78-11e7-b164-1cc1de329608,SETASIDE
413c3707-8fea-11e7-b164-1cc1de329608,6b2a93c5-8f78-11e7-b164-1cc1de329608,SETASIDE
413c3707-8fea-11e7-b164-1cc1de329608,6a6d580b-8f78-11e7-b164-1cc1de329608,SETASIDE
413c3707-8fea-11e7-b164-1cc1de329608,6a6d5582-8f78-11e7-b164-1cc1de329608,SETASIDE
413c3707-8fea-11e7-b164-1cc1de329608,6b2a948f-8f78-11e7-b164-1cc1de329608,SETASIDE
413c3707-8fea-11e7-b164-1cc1de329608,6b2a95cf-8f78-11e7-b164-1cc1de329608,SETASIDE
413c3707-8fea-11e7-b164-1cc1de329608,6a6d57dd-8f78-11e7-b164-1cc1de329608,SETASIDE
413c3707-8fea-11e7-b164-1cc1de329608,6b2a93e5-8f78-11e7-b164-1cc1de329608,SETASIDE
413c3707-8fea-11e7-b164-1cc1de329608,6a6d555c-8f78-11e7-b164-1cc1de329608,SETASIDE
413c3707-8fea-11e7-b164-1cc1de329608,6a6d56bb-8f78-11e7-b164-1cc1de329608,SETASIDE
413c3707-8fea-11e7-b164-1cc1de329608,6b2a95c4-8f78-11e7-b164-1cc1de329608,SETASIDE
413c3707-8fea-11e7-b164-1cc1de329608,6a6d5845-8f78-11e7-b164-1cc1de329608,SETASIDE
413c3708-8fea-11e7-b164-1cc1de329608,6b2a94ce-8f78-11e7-b164-1cc1de329608,SETASIDE
6a6d558d-8f78-11e7-b164-1cc1de329608,413c3705-8fea-11e7-b164-1cc1de329608,SETASIDE
413c3707-8fea-11e7-b164-1cc1de329608,6a6d57e6-8f78-11e7-b164-1cc1de329608,SETASIDE
413c3707-8fea-11e7-b164-1cc1de329608,6b2a964d-8f78-11e7-b164-1cc1de329608,SETASIDE
413c3707-8fea-11e7-b164-1cc1de329608,6b2a93e8-8f78-11e7-b164-1cc1de329608,SETASIDE
413c3707-8fea-11e7-b164-1cc1de329608,6b2a9667-8f78-11e7-b164-1cc1de329608,SETASIDE
413c3707-8fea-11e7-b164-1cc1de329608,6b2a95c2-8f78-11e7-b164-1cc1de329608,SETASIDE
413c3709-8fea-11e7-b164-1cc1de329608,6b2a96c6-8f78-11e7-b164-1cc1de329608,SETASIDE
413c3707-8fea-11e7-b164-1cc1de329608,6a6d5863-8f78-11e7-b164-1cc1de329608,SETASIDE
413c3707-8fea-11e7-b164-1cc1de329608,6a6d589d-8f78-11e7-b164-1cc1de329608,SETASIDE
413c3707-8fea-11e7-b164-1cc1de329608,6b2a95fb-8f78-11e7-b164-1cc1de329608,SETASIDE
413c3707-8fea-11e7-b164-1cc1de329608,6b2a9543-8f78-11e7-b164-1cc1de329608,SETASIDE
413c3707-8fea-11e7-b164-1cc1de329608,6a6d57d4-8f78-11e7-b164-1cc1de329608,SETASIDE
413c3707-8fea-11e7-b164-1cc1de329608,6b2a9551-8f78-11e7-b164-1cc1de329608,SETASIDE
413c3707-8fea-11e7-b164-1cc1de329608,6b2a94f0-8f78-11e7-b164-1cc1de329608,SETASIDE
413c3707-8fea-11e7-b164-1cc1de329608,6b2a9557-8f78-11e7-b164-1cc1de329608,SETASIDE
413c3706-8fea-11e7-b164-1cc1de329608,6b2a9629-8f78-11e7-b164-1cc1de329608,SETASIDE
413c3707-8fea-11e7-b164-1cc1de329608,6a6d586e-8f78-11e7-b164-1cc1de329608,SETASIDE
413c3707-8fea-11e7-b164-1cc1de329608,6b2a94fc-8f78-11e7-b164-1cc1de329608,SETASIDE
413c3707-8fea-11e7-b164-1cc1de329608,6a6d585d-8f78-11e7-b164-1cc1de329608,SETASIDE
413c3707-8fea-11e7-b164-1cc1de329608,6b2a93ef-8f78-11e7-b164-1cc1de329608,SETASIDE
413c3707-8fea-11e7-b164-1cc1de329608,6b2a94ae-8f78-11e7-b164-1cc1de329608,SETASIDE
413c3707-8fea-11e7-b164-1cc1de329608,6a6d5871-8f78-11e7-b164-1cc1de329608,SETASIDE
413c3707-8fea-11e7-b164-1cc1de329608,6a6d56ba-8f78-11e7-b164-1cc1de329608,SETASIDE
413c3707-8fea-11e7-b164-1cc1de329608,6b2a951f-8f78-11e7-b164-1cc1de329608,SETASIDE
413c3707-8fea-11e7-b164-1cc1de329608,6b2a9570-8f78-11e7-b164-1cc1de329608,SETASIDE
413c3707-8fea-11e7-b164-1cc1de329608,6b2a93da-8f78-11e7-b164-1cc1de329608,SETASIDE
413c3707-8fea-11e7-b164-1cc1de329608,6b2a9672-8f78-11e7-b164-1cc1de329608,SETASIDE
6a6d575d-8f78-11e7-b164-1cc1de329608,413c3706-8fea-11e7-b164-1cc1de329608,SETASIDE
6b2a93d1-8f78-11e7-b164-1cc1de329608,413c3706-8fea-11e7-b164-1cc1de329608,SETASIDE
6a6d5800-8f78-11e7-b164-1cc1de329608,413c3706-8fea-11e7-b164-1cc1de329608,SETASIDE
6a6d5820-8f78-11e7-b164-1cc1de329608,413c3706-8fea-11e7-b164-1cc1de329608,SETASIDE
6b2a94f3-8f78-11e7-b164-1cc1de329608,413c3706-8fea-11e7-b164-1cc1de329608,SETASIDE
6b2a9628-8f78-11e7-b164-1cc1de329608,413c3706-8fea-11e7-b164-1cc1de329608,SETASIDE
413c3707-8fea-11e7-b164-1cc1de329608,6b2a9438-8f78-11e7-b164-1cc1de329608,SETASIDE
413c3707-8fea-11e7-b164-1cc1de329608,6b2a9626-8f78-11e7-b164-1cc1de329608,SETASIDE
413c3707-8fea-11e7-b164-1cc1de329608,6b2a95f4-8f78-11e7-b164-1cc1de329608,SETASIDE
413c3708-8fea-11e7-b164-1cc1de329608,6a6d56b0-8f78-11e7-b164-1cc1de329608,SETASIDE
413c3707-8fea-11e7-b164-1cc1de329608,6a6d5777-8f78-11e7-b164-1cc1de329608,SETASIDE
413c3707-8fea-11e7-b164-1cc1de329608,6b2a9635-8f78-11e7-b164-1cc1de329608,SETASIDE
413c3707-8fea-11e7-b164-1cc1de329608,6b2a9491-8f78-11e7-b164-1cc1de329608,SETASIDE
413c3707-8fea-11e7-b164-1cc1de329608,6a6d57fb-8f78-11e7-b164-1cc1de329608,SETASIDE
413c3707-8fea-11e7-b164-1cc1de329608,6b2a95bf-8f78-11e7-b164-1cc1de329608,SETASIDE
413c3707-8fea-11e7-b164-1cc1de329608,6b2a93d0-8f78-11e7-b164-1cc1de329608,SETASIDE
413c3707-8fea-11e7-b164-1cc1de329608,6a6d57f8-8f78-11e7-b164-1cc1de329608,SETASIDE
413c3707-8fea-11e7-b164-1cc1de329608,6a6d57a3-8f78-11e7-b164-1cc1de329608,SETASIDE
413c3707-8fea-11e7-b164-1cc1de329608,6a6d586d-8f78-11e7-b164-1cc1de329608,SETASIDE
413c3707-8fea-11e7-b164-1cc1de329608,6a6d5858-8f78-11e7-b164-1cc1de329608,SETASIDE
413c3707-8fea-11e7-b164-1cc1de329608,6a6d5529-8f78-11e7-b164-1cc1de329608,SETASIDE
413c3707-8fea-11e7-b164-1cc1de329608,6b2a94e5-8f78-11e7-b164-1cc1de329608,SETASIDE
413c3707-8fea-11e7-b164-1cc1de329608,6a6d589c-8f78-11e7-b164-1cc1de329608,SETASIDE
413c3707-8fea-11e7-b164-1cc1de329608,6b2a952d-8f78-11e7-b164-1cc1de329608,SETASIDE
6a6d5501-8f78-11e7-b164-1cc1de329608,413c3707-8fea-11e7-b164-1cc1de329608,SETASIDE
6a6d583d-8f78-11e7-b164-1cc1de329608,413c3707-8fea-11e7-b164-1cc1de329608,SETASIDE
6b2a9693-8f78-11e7-b164-1cc1de329608,413c3707-8fea-11e7-b164-1cc1de329608,SETASIDE
6b2a958e-8f78-11e7-b164-1cc1de329608,413c3707-8fea-11e7-b164-1cc1de329608,SETASIDE
6b2a94ab-8f78-11e7-b164-1cc1de329608,413c3707-8fea-11e7-b164-1cc1de329608,SETASIDE
6b2a94da-8f78-11e7-b164-1cc1de329608,413c3707-8fea-11e7-b164-1cc1de329608,SETASIDE
6b2a93ee-8f78-11e7-b164-1cc1de329608,413c3707-8fea-11e7-b164-1cc1de329608,SETASIDE
6a6d576e-8f78-11e7-b164-1cc1de329608,413c3707-8fea-11e7-b164-1cc1de329608,SETASIDE
6b2a9525-8f78-11e7-b164-1cc1de329608,413c3707-8fea-11e7-b164-1cc1de329608,SETASIDE
6a6d5821-8f78-11e7-b164-1cc1de329608,413c3707-8fea-11e7-b164-1cc1de329608,SETASIDE
6a6d555f-8f78-11e7-b164-1cc1de329608,413c3707-8fea-11e7-b164-1cc1de329608,SETASIDE
6b2a9535-8f78-11e7-b164-1cc1de329608,413c3707-8fea-11e7-b164-1cc1de329608,SETASIDE
6b2a95a9-8f78-11e7-b164-1cc1de329608,413c3707-8fea-11e7-b164-1cc1de329608,SETASIDE
6b2a954a-8f78-11e7-b164-1cc1de329608,413c3707-8fea-11e7-b164-1cc1de329608,SETASIDE
6a6d57f6-8f78-11e7-b164-1cc1de329608,413c3707-8fea-11e7-b164-1cc1de329608,SETASIDE
6b2a94ff-8f78-11e7-b164-1cc1de329608,413c3707-8fea-11e7-b164-1cc1de329608,SETASIDE
6b2a95f9-8f78-11e7-b164-1cc1de329608,413c3707-8fea-11e7-b164-1cc1de329608,SETASIDE
6b2a963d-8f78-11e7-b164-1cc1de329608,413c3707-8fea-11e7-b164-1cc1de329608,SETASIDE
6a6d57cb-8f78-11e7-b164-1cc1de329608,413c3707-8fea-11e7-b164-1cc1de329608,SETASIDE
6b2a94d1-8f78-11e7-b164-1cc1de329608,413c3707-8fea-11e7-b164-1cc1de329608,SETASIDE
6a6d56be-8f78-11e7-b164-1cc1de329608,413c3707-8fea-11e7-b164-1cc1de329608,SETASIDE
6b2a9542-8f78-11e7-b164-1cc1de329608,413c3707-8fea-11e7-b164-1cc1de329608,SETASIDE
6b2a94e2-8f78-11e7-b164-1cc1de329608,413c3707-8fea-11e7-b164-1cc1de329608,SETASIDE
6b2a95e7-8f78-11e7-b164-1cc1de329608,413c3707-8fea-11e7-b164-1cc1de329608,SETASIDE
6b2a93d7-8f78-11e7-b164-1cc1de329608,413c3707-8fea-11e7-b164-1cc1de329608,SETASIDE
6a6d57f7-8f78-11e7-b164-1cc1de329608,413c3707-8fea-11e7-b164-1cc1de329608,SETASIDE
6b2a96d8-8f78-11e7-b164-1cc1de329608,413c3707-8fea-11e7-b164-1cc1de329608,SETASIDE
6b2a9517-8f78-11e7-b164-1cc1de329608,413c3707-8fea-11e7-b164-1cc1de329608,SETASIDE
6b2a93f3-8f78-11e7-b164-1cc1de329608,413c3707-8fea-11e7-b164-1cc1de329608,SETASIDE
6b2a93c7-8f78-11e7-b164-1cc1de329608,413c3707-8fea-11e7-b164-1cc1de329608,SETASIDE
6b2a9486-8f78-11e7-b164-1cc1de329608,413c3707-8fea-11e7-b164-1cc1de329608,SETASIDE
6a6d583e-8f78-11e7-b164-1cc1de329608,413c3707-8fea-11e7-b164-1cc1de329608,SETASIDE
6b2a93ba-8f78-11e7-b164-1cc1de329608,413c3707-8fea-11e7-b164-1cc1de329608,SETASIDE
6b2a9649-8f78-11e7-b164-1cc1de329608,413c3707-8fea-11e7-b164-1cc1de329608,SETASIDE
6b2a95c8-8f78-11e7-b164-1cc1de329608,413c3707-8fea-11e7-b164-1cc1de329608,SETASIDE
6a6d5519-8f78-11e7-b164-1cc1de329608,413c3707-8fea-11e7-b164-1cc1de329608,SETASIDE
6a6d5833-8f78-11e7-b164-1cc1de329608,413c3707-8fea-11e7-b164-1cc1de329608,SETASIDE
6b2a93bc-8f78-11e7-b164-1cc1de329608,413c3707-8fea-11e7-b164-1cc1de329608,SETASIDE
6a6d56bf-8f78-11e7-b164-1cc1de329608,413c3707-8fea-11e7-b164-1cc1de329608,SETASIDE
6b2a94e8-8f78-11e7-b164-1cc1de329608,413c3707-8fea-11e7-b164-1cc1de329608,SETASIDE
6a6d57cf-8f78-11e7-b164-1cc1de329608,413c3707-8fea-11e7-b164-1cc1de329608,SETASIDE
6b2a953f-8f78-11e7-b164-1cc1de329608,413c3707-8fea-11e7-b164-1cc1de329608,SETASIDE
6a6d589e-8f78-11e7-b164-1cc1de329608,413c3707-8fea-11e7-b164-1cc1de329608,SETASIDE
6b2a9536-8f78-11e7-b164-1cc1de329608,413c3707-8fea-11e7-b164-1cc1de329608,SETASIDE
6b2a954e-8f78-11e7-b164-1cc1de329608,413c3707-8fea-11e7-b164-1cc1de329608,SETASIDE
6b2a96e0-8f78-11e7-b164-1cc1de329608,413c3707-8fea-11e7-b164-1cc1de329608,SETASIDE
6a6d5804-8f78-11e7-b164-1cc1de329608,413c3707-8fea-11e7-b164-1cc1de329608,SETASIDE
6a6d56c4-8f78-11e7-b164-1cc1de329608,413c3707-8fea-11e7-b164-1cc1de329608,SETASIDE
6b2a95db-8f78-11e7-b164-1cc1de329608,413c3707-8fea-11e7-b164-1cc1de329608,SETASIDE
6b2a9696-8f78-11e7-b164-1cc1de329608,413c3707-8fea-11e7-b164-1cc1de329608,SETASIDE
6a6d581e-8f78-11e7-b164-1cc1de329608,413c3707-8fea-11e7-b164-1cc1de329608,SETASIDE
6b2a94f9-8f78-11e7-b164-1cc1de329608,413c3707-8fea-11e7-b164-1cc1de329608,SETASIDE
6b2a95a2-8f78-11e7-b164-1cc1de329608,413c3707-8fea-11e7-b164-1cc1de329608,SETASIDE
6a6d5848-8f78-11e7-b164-1cc1de329608,413c3707-8fea-11e7-b164-1cc1de329608,SETASIDE
6b2a947b-8f78-11e7-b164-1cc1de329608,413c3707-8fea-11e7-b164-1cc1de329608,SETASIDE
6b2a94e6-8f78-11e7-b164-1cc1de329608,413c3707-8fea-11e7-b164-1cc1de329608,SETASIDE
6b2a946d-8f78-11e7-b164-1cc1de329608,413c3707-8fea-11e7-b164-1cc1de329608,SETASIDE
6b2a953d-8f78-11e7-b164-1cc1de329608,413c3707-8fea-11e7-b164-1cc1de329608,SETASIDE
6b2a9550-8f78-11e7-b164-1cc1de329608,413c3707-8fea-11e7-b164-1cc1de329608,SETASIDE
6b2a93e6-8f78-11e7-b164-1cc1de329608,413c3707-8fea-11e7-b164-1cc1de329608,SETASIDE
6a6d583a-8f78-11e7-b164-1cc1de329608,413c3707-8fea-11e7-b164-1cc1de329608,SETASIDE
6b2a93f7-8f78-11e7-b164-1cc1de329608,413c3707-8fea-11e7-b164-1cc1de329608,SETASIDE
6b2a94e9-8f78-11e7-b164-1cc1de329608,413c3707-8fea-11e7-b164-1cc1de329608,SETASIDE
6a6d57d2-8f78-11e7-b164-1cc1de329608,413c3707-8fea-11e7-b164-1cc1de329608,SETASIDE
6a6d5834-8f78-11e7-b164-1cc1de329608,413c3707-8fea-11e7-b164-1cc1de329608,SETASIDE
6b2a9495-8f78-11e7-b164-1cc1de329608,413c3707-8fea-11e7-b164-1cc1de329608,SETASIDE
6b2a93ff-8f78-11e7-b164-1cc1de329608,413c3707-8fea-11e7-b164-1cc1de329608,SETASIDE
6b2a965b-8f78-11e7-b164-1cc1de329608,413c3707-8fea-11e7-b164-1cc1de329608,SETASIDE
6b2a94a6-8f78-11e7-b164-1cc1de329608,413c3707-8fea-11e7-b164-1cc1de329608,SETASIDE
6b2a94b3-8f78-11e7-b164-1cc1de329608,413c3707-8fea-11e7-b164-1cc1de329608,SETASIDE
6b2a9586-8f78-11e7-b164-1cc1de329608,413c3707-8fea-11e7-b164-1cc1de329608,SETASIDE
6a6d5849-8f78-11e7-b164-1cc1de329608,413c3707-8fea-11e7-b164-1cc1de329608,SETASIDE
6b2a93e7-8f78-11e7-b164-1cc1de329608,413c3707-8fea-11e7-b164-1cc1de329608,SETASIDE
6a6d5704-8f78-11e7-b164-1cc1de329608,413c3707-8fea-11e7-b164-1cc1de329608,SETASIDE
6b2a93e2-8f78-11e7-b164-1cc1de329608,413c3707-8fea-11e7-b164-1cc1de329608,SETASIDE
6b2a9587-8f78-11e7-b164-1cc1de329608,413c3707-8fea-11e7-b164-1cc1de329608,SETASIDE
6a6d5846-8f78-11e7-b164-1cc1de329608,413c3707-8fea-11e7-b164-1cc1de329608,SETASIDE
6b2a95ff-8f78-11e7-b164-1cc1de329608,413c3707-8fea-11e7-b164-1cc1de329608,SETASIDE
6b2a95f7-8f78-11e7-b164-1cc1de329608,413c3707-8fea-11e7-b164-1cc1de329608,SETASIDE
6a6d56c5-8f78-11e7-b164-1cc1de329608,413c3707-8fea-11e7-b164-1cc1de329608,SETASIDE
6b2a9518-8f78-11e7-b164-1cc1de329608,413c3707-8fea-11e7-b164-1cc1de329608,SETASIDE
6a6d584c-8f78-11e7-b164-1cc1de329608,413c3707-8fea-11e7-b164-1cc1de329608,SETASIDE
6b2a9545-8f78-11e7-b164-1cc1de329608,413c3707-8fea-11e7-b164-1cc1de329608,SETASIDE
6a6d580a-8f78-11e7-b164-1cc1de329608,413c3707-8fea-11e7-b164-1cc1de329608,SETASIDE
6b2a9530-8f78-11e7-b164-1cc1de329608,413c3707-8fea-11e7-b164-1cc1de329608,SETASIDE
6b2a95ca-8f78-11e7-b164-1cc1de329608,413c3707-8fea-11e7-b164-1cc1de329608,SETASIDE
6a6d5838-8f78-11e7-b164-1cc1de329608,413c3707-8fea-11e7-b164-1cc1de329608,SETASIDE
6b2a95eb-8f78-11e7-b164-1cc1de329608,413c3707-8fea-11e7-b164-1cc1de329608,SETASIDE
6b2a9688-8f78-11e7-b164-1cc1de329608,413c3707-8fea-11e7-b164-1cc1de329608,SETASIDE
6b2a93dd-8f78-11e7-b164-1cc1de329608,413c3707-8fea-11e7-b164-1cc1de329608,SETASIDE
6b2a95c5-8f78-11e7-b164-1cc1de329608,413c3707-8fea-11e7-b164-1cc1de329608,SETASIDE
6b2a9469-8f78-11e7-b164-1cc1de329608,413c3707-8fea-11e7-b164-1cc1de329608,SETASIDE
6b2a93f2-8f78-11e7-b164-1cc1de329608,413c3707-8fea-11e7-b164-1cc1de329608,SETASIDE
6a6d5727-8f78-11e7-b164-1cc1de329608,413c3707-8fea-11e7-b164-1cc1de329608,SETASIDE
6a6d5702-8f78-11e7-b164-1cc1de329608,413c3707-8fea-11e7-b164-1cc1de329608,SETASIDE
6b2a946a-8f78-11e7-b164-1cc1de329608,413c3707-8fea-11e7-b164-1cc1de329608,SETASIDE
6b2a94b2-8f78-11e7-b164-1cc1de329608,413c3707-8fea-11e7-b164-1cc1de329608,SETASIDE
6a6d550f-8f78-11e7-b164-1cc1de329608,413c3707-8fea-11e7-b164-1cc1de329608,SETASIDE
6b2a93e0-8f78-11e7-b164-1cc1de329608,413c3707-8fea-11e7-b164-1cc1de329608,SETASIDE
6a6d584b-8f78-11e7-b164-1cc1de329608,413c3707-8fea-11e7-b164-1cc1de329608,SETASIDE
6a6d5840-8f78-11e7-b164-1cc1de329608,413c3707-8fea-11e7-b164-1cc1de329608,SETASIDE
6b2a93fd-8f78-11e7-b164-1cc1de329608,413c3707-8fea-11e7-b164-1cc1de329608,SETASIDE
6b2a9516-8f78-11e7-b164-1cc1de329608,413c3707-8fea-11e7-b164-1cc1de329608,SETASIDE
6b2a95a7-8f78-11e7-b164-1cc1de329608,413c3707-8fea-11e7-b164-1cc1de329608,SETASIDE
6b2a9519-8f78-11e7-b164-1cc1de329608,413c3707-8fea-11e7-b164-1cc1de329608,SETASIDE
6a6d57d5-8f78-11e7-b164-1cc1de329608,413c3707-8fea-11e7-b164-1cc1de329608,SETASIDE
6b2a9413-8f78-11e7-b164-1cc1de329608,413c3707-8fea-11e7-b164-1cc1de329608,SETASIDE
6b2a953c-8f78-11e7-b164-1cc1de329608,413c3707-8fea-11e7-b164-1cc1de329608,SETASIDE
6b2a9558-8f78-11e7-b164-1cc1de329608,413c3707-8fea-11e7-b164-1cc1de329608,SETASIDE
6b2a96e1-8f78-11e7-b164-1cc1de329608,413c3707-8fea-11e7-b164-1cc1de329608,SETASIDE
6a6d57bd-8f78-11e7-b164-1cc1de329608,413c3707-8fea-11e7-b164-1cc1de329608,SETASIDE
6a6d5847-8f78-11e7-b164-1cc1de329608,413c3707-8fea-11e7-b164-1cc1de329608,SETASIDE
6b2a96f2-8f78-11e7-b164-1cc1de329608,413c3707-8fea-11e7-b164-1cc1de329608,SETASIDE
6b2a93f5-8f78-11e7-b164-1cc1de329608,413c3707-8fea-11e7-b164-1cc1de329608,SETASIDE
6b2a951b-8f78-11e7-b164-1cc1de329608,413c3707-8fea-11e7-b164-1cc1de329608,SETASIDE
6b2a958a-8f78-11e7-b164-1cc1de329608,413c3707-8fea-11e7-b164-1cc1de329608,SETASIDE
6b2a9531-8f78-11e7-b164-1cc1de329608,413c3707-8fea-11e7-b164-1cc1de329608,SETASIDE
6b2a93d8-8f78-11e7-b164-1cc1de329608,413c3707-8fea-11e7-b164-1cc1de329608,SETASIDE
6b2a958c-8f78-11e7-b164-1cc1de329608,413c3707-8fea-11e7-b164-1cc1de329608,SETASIDE
6b2a94e3-8f78-11e7-b164-1cc1de329608,413c3707-8fea-11e7-b164-1cc1de329608,SETASIDE
6a6d5876-8f78-11e7-b164-1cc1de329608,413c3707-8fea-11e7-b164-1cc1de329608,SETASIDE
6b2a96df-8f78-11e7-b164-1cc1de329608,413c3707-8fea-11e7-b164-1cc1de329608,SETASIDE
6a6d585b-8f78-11e7-b164-1cc1de329608,413c3707-8fea-11e7-b164-1cc1de329608,SETASIDE
6a6d57fc-8f78-11e7-b164-1cc1de329608,413c3707-8fea-11e7-b164-1cc1de329608,SETASIDE
6b2a9576-8f78-11e7-b164-1cc1de329608,413c3707-8fea-11e7-b164-1cc1de329608,SETASIDE
6b2a94af-8f78-11e7-b164-1cc1de329608,413c3707-8fea-11e7-b164-1cc1de329608,SETASIDE
6a6d5859-8f78-11e7-b164-1cc1de329608,413c3707-8fea-11e7-b164-1cc1de329608,SETASIDE
6b2a9452-8f78-11e7-b164-1cc1de329608,413c3707-8fea-11e7-b164-1cc1de329608,SETASIDE
6b2a93bf-8f78-11e7-b164-1cc1de329608,413c3707-8fea-11e7-b164-1cc1de329608,SETASIDE
6a6d583f-8f78-11e7-b164-1cc1de329608,413c3707-8fea-11e7-b164-1cc1de329608,SETASIDE
6a6d5852-8f78-11e7-b164-1cc1de329608,413c3707-8fea-11e7-b164-1cc1de329608,SETASIDE
6a6d5548-8f78-11e7-b164-1cc1de329608,413c3707-8fea-11e7-b164-1cc1de329608,SETASIDE
6b2a943e-8f78-11e7-b164-1cc1de329608,413c3707-8fea-11e7-b164-1cc1de329608,SETASIDE
6a6d57f1-8f78-11e7-b164-1cc1de329608,413c3707-8fea-11e7-b164-1cc1de329608,SETASIDE
6b2a9458-8f78-11e7-b164-1cc1de329608,413c3707-8fea-11e7-b164-1cc1de329608,SETASIDE
6a6d57db-8f78-11e7-b164-1cc1de329608,413c3707-8fea-11e7-b164-1cc1de329608,SETASIDE
6b2a9590-8f78-11e7-b164-1cc1de329608,413c3707-8fea-11e7-b164-1cc1de329608,SETASIDE
6b2a967a-8f78-11e7-b164-1cc1de329608,413c3707-8fea-11e7-b164-1cc1de329608,SETASIDE
6b2a9490-8f78-11e7-b164-1cc1de329608,413c3707-8fea-11e7-b164-1cc1de329608,SETASIDE
6b2a9630-8f78-11e7-b164-1cc1de329608,413c3707-8fea-11e7-b164-1cc1de329608,SETASIDE
6b2a96d5-8f78-11e7-b164-1cc1de329608,413c3707-8fea-11e7-b164-1cc1de329608,SETASIDE
6b2a9597-8f78-11e7-b164-1cc1de329608,413c3707-8fea-11e7-b164-1cc1de329608,SETASIDE
6b2a9532-8f78-11e7-b164-1cc1de329608,413c3707-8fea-11e7-b164-1cc1de329608,SETASIDE
6a6d581d-8f78-11e7-b164-1cc1de329608,413c3707-8fea-11e7-b164-1cc1de329608,SETASIDE
6b2a9476-8f78-11e7-b164-1cc1de329608,413c3707-8fea-11e7-b164-1cc1de329608,SETASIDE
6a6d57d8-8f78-11e7-b164-1cc1de329608,413c3707-8fea-11e7-b164-1cc1de329608,SETASIDE
6a6d57a4-8f78-11e7-b164-1cc1de329608,413c3707-8fea-11e7-b164-1cc1de329608,SETASIDE
6b2a9432-8f78-11e7-b164-1cc1de329608,413c3707-8fea-11e7-b164-1cc1de329608,SETASIDE
6a6d5860-8f78-11e7-b164-1cc1de329608,413c3707-8fea-11e7-b164-1cc1de329608,SETASIDE
6a6d585e-8f78-11e7-b164-1cc1de329608,413c3707-8fea-11e7-b164-1cc1de329608,SETASIDE
6a6d57e0-8f78-11e7-b164-1cc1de329608,413c3707-8fea-11e7-b164-1cc1de329608,SETASIDE
6b2a93b9-8f78-11e7-b164-1cc1de329608,413c3707-8fea-11e7-b164-1cc1de329608,SETASIDE
6b2a9588-8f78-11e7-b164-1cc1de329608,413c3707-8fea-11e7-b164-1cc1de329608,SETASIDE
6b2a94a4-8f78-11e7-b164-1cc1de329608,413c3707-8fea-11e7-b164-1cc1de329608,SETASIDE
6a6d57e2-8f78-11e7-b164-1cc1de329608,413c3707-8fea-11e7-b164-1cc1de329608,SETASIDE
6a6d5857-8f78-11e7-b164-1cc1de329608,413c3707-8fea-11e7-b164-1cc1de329608,SETASIDE
6a6d585c-8f78-11e7-b164-1cc1de329608,413c3707-8fea-11e7-b164-1cc1de329608,SETASIDE
6b2a9510-8f78-11e7-b164-1cc1de329608,413c3707-8fea-11e7-b164-1cc1de329608,SETASIDE
6a6d57ec-8f78-11e7-b164-1cc1de329608,413c3707-8fea-11e7-b164-1cc1de329608,SETASIDE
6b2a93cb-8f78-11e7-b164-1cc1de329608,413c3707-8fea-11e7-b164-1cc1de329608,SETASIDE
6b2a93d4-8f78-11e7-b164-1cc1de329608,413c3707-8fea-11e7-b164-1cc1de329608,SETASIDE
6b2a93dc-8f78-11e7-b164-1cc1de329608,413c3707-8fea-11e7-b164-1cc1de329608,SETASIDE
6b2a96da-8f78-11e7-b164-1cc1de329608,413c3707-8fea-11e7-b164-1cc1de329608,SETASIDE
6b2a9595-8f78-11e7-b164-1cc1de329608,413c3707-8fea-11e7-b164-1cc1de329608,SETASIDE
6b2a93d2-8f78-11e7-b164-1cc1de329608,413c3707-8fea-11e7-b164-1cc1de329608,SETASIDE
6a6d57fd-8f78-11e7-b164-1cc1de329608,413c3707-8fea-11e7-b164-1cc1de329608,SETASIDE
6b2a9459-8f78-11e7-b164-1cc1de329608,413c3707-8fea-11e7-b164-1cc1de329608,SETASIDE
6a6d5853-8f78-11e7-b164-1cc1de329608,413c3707-8fea-11e7-b164-1cc1de329608,SETASIDE
6a6d57c7-8f78-11e7-b164-1cc1de329608,413c3707-8fea-11e7-b164-1cc1de329608,SETASIDE
6b2a958d-8f78-11e7-b164-1cc1de329608,413c3707-8fea-11e7-b164-1cc1de329608,SETASIDE
6b2a959c-8f78-11e7-b164-1cc1de329608,413c3707-8fea-11e7-b164-1cc1de329608,SETASIDE
6b2a93c9-8f78-11e7-b164-1cc1de329608,413c3707-8fea-11e7-b164-1cc1de329608,SETASIDE
6b2a9424-8f78-11e7-b164-1cc1de329608,413c3707-8fea-11e7-b164-1cc1de329608,SETASIDE
6b2a9585-8f78-11e7-b164-1cc1de329608,413c3707-8fea-11e7-b164-1cc1de329608,SETASIDE
6b2a96e3-8f78-11e7-b164-1cc1de329608,413c3707-8fea-11e7-b164-1cc1de329608,SETASIDE
6a6d56bd-8f78-11e7-b164-1cc1de329608,413c3707-8fea-11e7-b164-1cc1de329608,SETASIDE
6a6d5731-8f78-11e7-b164-1cc1de329608,413c3707-8fea-11e7-b164-1cc1de329608,SETASIDE
6b2a95c3-8f78-11e7-b164-1cc1de329608,413c3707-8fea-11e7-b164-1cc1de329608,SETASIDE
6b2a957f-8f78-11e7-b164-1cc1de329608,413c3707-8fea-11e7-b164-1cc1de329608,SETASIDE
6b2a95e2-8f78-11e7-b164-1cc1de329608,413c3707-8fea-11e7-b164-1cc1de329608,SETASIDE
6b2a93cc-8f78-11e7-b164-1cc1de329608,413c3707-8fea-11e7-b164-1cc1de329608,SETASIDE
6b2a9515-8f78-11e7-b164-1cc1de329608,413c3707-8fea-11e7-b164-1cc1de329608,SETASIDE
6a6d5508-8f78-11e7-b164-1cc1de329608,413c3707-8fea-11e7-b164-1cc1de329608,SETASIDE
6b2a9581-8f78-11e7-b164-1cc1de329608,413c3707-8fea-11e7-b164-1cc1de329608,SETASIDE
6b2a946b-8f78-11e7-b164-1cc1de329608,413c3707-8fea-11e7-b164-1cc1de329608,SETASIDE
6b2a93d6-8f78-11e7-b164-1cc1de329608,413c3707-8fea-11e7-b164-1cc1de329608,SETASIDE
6b2a93fe-8f78-11e7-b164-1cc1de329608,413c3707-8fea-11e7-b164-1cc1de329608,SETASIDE
6b2a953e-8f78-11e7-b164-1cc1de329608,413c3707-8fea-11e7-b164-1cc1de329608,SETASIDE
6b2a93e1-8f78-11e7-b164-1cc1de329608,413c3707-8fea-11e7-b164-1cc1de329608,SETASIDE
6a6d57da-8f78-11e7-b164-1cc1de329608,413c3707-8fea-11e7-b164-1cc1de329608,SETASIDE
6a6d584e-8f78-11e7-b164-1cc1de329608,413c3707-8fea-11e7-b164-1cc1de329608,SETASIDE
6a6d57df-8f78-11e7-b164-1cc1de329608,413c3707-8fea-11e7-b164-1cc1de329608,SETASIDE
6b2a93f0-8f78-11e7-b164-1cc1de329608,413c3707-8fea-11e7-b164-1cc1de329608,SETASIDE
6b2a957e-8f78-11e7-b164-1cc1de329608,413c3707-8fea-11e7-b164-1cc1de329608,SETASIDE
6b2a954b-8f78-11e7-b164-1cc1de329608,413c3707-8fea-11e7-b164-1cc1de329608,SETASIDE
6b2a9583-8f78-11e7-b164-1cc1de329608,413c3707-8fea-11e7-b164-1cc1de329608,SETASIDE
6b2a93de-8f78-11e7-b164-1cc1de329608,413c3707-8fea-11e7-b164-1cc1de329608,SETASIDE
6a6d5811-8f78-11e7-b164-1cc1de329608,413c3707-8fea-11e7-b164-1cc1de329608,SETASIDE
6a6d584a-8f78-11e7-b164-1cc1de329608,413c3707-8fea-11e7-b164-1cc1de329608,SETASIDE
6b2a954f-8f78-11e7-b164-1cc1de329608,413c3707-8fea-11e7-b164-1cc1de329608,SETASIDE
6b2a950a-8f78-11e7-b164-1cc1de329608,413c3707-8fea-11e7-b164-1cc1de329608,SETASIDE
6b2a9556-8f78-11e7-b164-1cc1de329608,413c3707-8fea-11e7-b164-1cc1de329608,SETASIDE
6b2a949b-8f78-11e7-b164-1cc1de329608,413c3707-8fea-11e7-b164-1cc1de329608,SETASIDE
6b2a96ed-8f78-11e7-b164-1cc1de329608,413c3707-8fea-11e7-b164-1cc1de329608,SETASIDE
6b2a9582-8f78-11e7-b164-1cc1de329608,413c3707-8fea-11e7-b164-1cc1de329608,SETASIDE
6b2a96b5-8f78-11e7-b164-1cc1de329608,413c3707-8fea-11e7-b164-1cc1de329608,SETASIDE
6b2a9541-8f78-11e7-b164-1cc1de329608,413c3707-8fea-11e7-b164-1cc1de329608,SETASIDE
6b2a95d7-8f78-11e7-b164-1cc1de329608,413c3707-8fea-11e7-b164-1cc1de329608,SETASIDE
6b2a9546-8f78-11e7-b164-1cc1de329608,413c3707-8fea-11e7-b164-1cc1de329608,SETASIDE
6a6d5553-8f78-11e7-b164-1cc1de329608,413c3707-8fea-11e7-b164-1cc1de329608,SETASIDE
6b2a9427-8f78-11e7-b164-1cc1de329608,413c3707-8fea-11e7-b164-1cc1de329608,SETASIDE
6b2a95f6-8f78-11e7-b164-1cc1de329608,413c3707-8fea-11e7-b164-1cc1de329608,SETASIDE
6a6d5761-8f78-11e7-b164-1cc1de329608,413c3707-8fea-11e7-b164-1cc1de329608,SETASIDE
6b2a9675-8f78-11e7-b164-1cc1de329608,413c3707-8fea-11e7-b164-1cc1de329608,SETASIDE
6b2a9533-8f78-11e7-b164-1cc1de329608,413c3707-8fea-11e7-b164-1cc1de329608,SETASIDE
6b2a94a0-8f78-11e7-b164-1cc1de329608,413c3707-8fea-11e7-b164-1cc1de329608,SETASIDE
6b2a9428-8f78-11e7-b164-1cc1de329608,413c3707-8fea-11e7-b164-1cc1de329608,SETASIDE
6b2a9409-8f78-11e7-b164-1cc1de329608,413c3707-8fea-11e7-b164-1cc1de329608,SETASIDE
6b2a94f1-8f78-11e7-b164-1cc1de329608,413c3707-8fea-11e7-b164-1cc1de329608,SETASIDE
413c3708-8fea-11e7-b164-1cc1de329608,6b2a948b-8f78-11e7-b164-1cc1de329608,SETASIDE
413c3709-8fea-11e7-b164-1cc1de329608,6b2a9676-8f78-11e7-b164-1cc1de329608,SETASIDE
413c3708-8fea-11e7-b164-1cc1de329608,6b2a96e2-8f78-11e7-b164-1cc1de329608,SETASIDE
413c3708-8fea-11e7-b164-1cc1de329608,6b2a968d-8f78-11e7-b164-1cc1de329608,SETASIDE
413c3709-8fea-11e7-b164-1cc1de329608,6b2a96d3-8f78-11e7-b164-1cc1de329608,SETASIDE
413c3709-8fea-11e7-b164-1cc1de329608,6a6d5526-8f78-11e7-b164-1cc1de329608,SETASIDE
413c3708-8fea-11e7-b164-1cc1de329608,6a6d56b5-8f78-11e7-b164-1cc1de329608,SETASIDE
413c3708-8fea-11e7-b164-1cc1de329608,6b2a9401-8f78-11e7-b164-1cc1de329608,SETASIDE
413c3708-8fea-11e7-b164-1cc1de329608,6a6d56db-8f78-11e7-b164-1cc1de329608,SETASIDE
413c3708-8fea-11e7-b164-1cc1de329608,6b2a96f0-8f78-11e7-b164-1cc1de329608,SETASIDE
413c3708-8fea-11e7-b164-1cc1de329608,6b2a951a-8f78-11e7-b164-1cc1de329608,SETASIDE
413c3708-8fea-11e7-b164-1cc1de329608,6b2a93b6-8f78-11e7-b164-1cc1de329608,SETASIDE
413c3708-8fea-11e7-b164-1cc1de329608,6b2a948e-8f78-11e7-b164-1cc1de329608,SETASIDE
413c3708-8fea-11e7-b164-1cc1de329608,6b2a9615-8f78-11e7-b164-1cc1de329608,SETASIDE
413c3708-8fea-11e7-b164-1cc1de329608,6b2a93b5-8f78-11e7-b164-1cc1de329608,SETASIDE
413c3708-8fea-11e7-b164-1cc1de329608,6b2a9698-8f78-11e7-b164-1cc1de329608,SETASIDE
413c3708-8fea-11e7-b164-1cc1de329608,6b2a9591-8f78-11e7-b164-1cc1de329608,SETASIDE
6a6d56ca-8f78-11e7-b164-1cc1de329608,413c3708-8fea-11e7-b164-1cc1de329608,SETASIDE
6b2a9464-8f78-11e7-b164-1cc1de329608,413c3708-8fea-11e7-b164-1cc1de329608,SETASIDE
6a6d56e5-8f78-11e7-b164-1cc1de329608,413c3708-8fea-11e7-b164-1cc1de329608,SETASIDE
6b2a962a-8f78-11e7-b164-1cc1de329608,413c3708-8fea-11e7-b164-1cc1de329608,SETASIDE
6b2a9400-8f78-11e7-b164-1cc1de329608,413c3708-8fea-11e7-b164-1cc1de329608,SETASIDE
6a6d5755-8f78-11e7-b164-1cc1de329608,413c3708-8fea-11e7-b164-1cc1de329608,SETASIDE
6a6d5752-8f78-11e7-b164-1cc1de329608,413c3708-8fea-11e7-b164-1cc1de329608,SETASIDE
6b2a960a-8f78-11e7-b164-1cc1de329608,413c3709-8fea-11e7-b164-1cc1de329608,SETASIDE
